-- phpMyAdmin SQL Dump
-- version 4.7.4
-- https://www.phpmyadmin.net/
--
-- Máy chủ: 127.0.0.1
-- Thời gian đã tạo: Th7 13, 2018 lúc 04:48 AM
-- Phiên bản máy phục vụ: 10.1.28-MariaDB
-- Phiên bản PHP: 7.0.25

SET SQL_MODE = "NO_AUTO_VALUE_ON_ZERO";
SET AUTOCOMMIT = 0;
START TRANSACTION;
SET time_zone = "+00:00";


/*!40101 SET @OLD_CHARACTER_SET_CLIENT=@@CHARACTER_SET_CLIENT */;
/*!40101 SET @OLD_CHARACTER_SET_RESULTS=@@CHARACTER_SET_RESULTS */;
/*!40101 SET @OLD_COLLATION_CONNECTION=@@COLLATION_CONNECTION */;
/*!40101 SET NAMES utf8mb4 */;

--
-- Cơ sở dữ liệu: `news`
--

-- --------------------------------------------------------

--
-- Cấu trúc bảng cho bảng `categories`
--

CREATE TABLE `categories` (
  `id` int(10) UNSIGNED NOT NULL COMMENT 'ID danh mục',
  `parent_id` int(10) UNSIGNED NOT NULL COMMENT 'ID danh mục con',
  `name` varchar(50) CHARACTER SET utf8 NOT NULL COMMENT 'tên danh mục',
  `description` varchar(100) CHARACTER SET utf8 NOT NULL COMMENT 'miêu tả',
  `updated_at` timestamp NULL DEFAULT NULL,
  `created_at` timestamp NULL DEFAULT NULL
) ENGINE=InnoDB DEFAULT CHARSET=utf8 COLLATE=utf8_unicode_ci;

--
-- Đang đổ dữ liệu cho bảng `categories`
--

INSERT INTO `categories` (`id`, `parent_id`, `name`, `description`, `updated_at`, `created_at`) VALUES
(11, 0, 'Phim ảnh', 'Thông tin về phim', '2018-05-15 06:56:26', '2018-05-15 06:56:26'),
(12, 11, 'Phim châu Á', 'Thông tin về phim châu Á', '2018-05-15 06:56:47', '2018-05-15 06:56:47'),
(13, 11, 'Phim Âu Mỹ', 'Thông tin về phim Âu Mỹ', '2018-05-15 06:57:01', '2018-05-15 06:57:01'),
(14, 0, 'Âm nhạc', 'Tin tức về âm nhạc', '2018-05-15 06:57:33', '2018-05-15 06:57:33'),
(15, 14, 'Âm nhạc trong nước', 'Nhạc trong nước', '2018-05-17 14:05:09', '2018-05-15 06:57:51'),
(16, 14, 'Âm nhạc quốc tế', 'Nhạc quốc tế', '2018-05-17 14:05:21', '2018-05-15 06:58:03'),
(17, 0, 'Xã hội', 'Tin xã hội', '2018-05-15 06:58:24', '2018-05-15 06:58:24'),
(18, 17, 'Pháp luật', 'Pháp luật', '2018-05-15 06:58:40', '2018-05-15 06:58:40'),
(19, 17, 'Nóng trên mạng', 'Nóng bỏng trên mạng', '2018-05-15 06:58:55', '2018-05-15 06:58:55'),
(20, 0, 'Kinh doanh', 'kinh doanh', '2018-05-15 06:59:11', '2018-05-15 06:59:11'),
(21, 20, 'Chứng khoán', 'chứng khoán', '2018-05-15 06:59:23', '2018-05-15 06:59:23'),
(22, 20, 'Bất động sản', 'bất động sản', '2018-05-15 06:59:36', '2018-05-15 06:59:36'),
(23, 0, 'Games', 'tin tức về games', '2018-05-15 07:00:33', '2018-05-15 07:00:33'),
(24, 23, 'PC Games', 'PC games', '2018-05-15 07:00:44', '2018-05-15 07:00:44'),
(25, 23, 'Online games', 'online', '2018-05-15 07:00:54', '2018-05-15 07:00:54'),
(26, 0, 'Thời trang', 'thời trang', '2018-05-15 07:01:10', '2018-05-15 07:01:10'),
(27, 26, 'Mốt 24h', 'thời trang', '2018-06-04 11:21:47', '2018-05-15 07:01:17'),
(28, 26, 'Làm đẹp', 'thời trang', '2018-05-15 07:01:24', '2018-05-15 07:01:24'),
(29, 0, 'Bóng đá', 'tin tức thể thao', '2018-07-03 02:49:13', '2018-05-15 07:01:45'),
(30, 29, 'Thể thao trong nước', 'tin tức thể thao', '2018-05-15 07:01:57', '2018-05-15 07:01:57'),
(31, 29, 'Thể thao quốc tế', 'tin tức thể thao', '2018-05-15 07:02:05', '2018-05-15 07:02:05'),
(32, 0, 'Công nghệ', 'tin công nghệ', '2018-05-15 07:02:28', '2018-05-15 07:02:28'),
(33, 32, 'Điện thoại', 'tin tức điện thoại', '2018-05-15 07:02:42', '2018-05-15 07:02:42'),
(35, 32, 'Ứng dụng', 'Tin tức công nghệ', '2018-07-03 03:39:34', '2018-05-23 12:13:54');

-- --------------------------------------------------------

--
-- Cấu trúc bảng cho bảng `comments`
--

CREATE TABLE `comments` (
  `id` int(10) UNSIGNED NOT NULL COMMENT 'ID bình luận',
  `post_id` int(10) UNSIGNED NOT NULL COMMENT 'ID bài viết',
  `content` text COLLATE utf8_unicode_ci NOT NULL COMMENT 'nội dung',
  `created_at` timestamp NULL DEFAULT NULL,
  `updated_at` timestamp NULL DEFAULT NULL
) ENGINE=InnoDB DEFAULT CHARSET=utf8 COLLATE=utf8_unicode_ci;

--
-- Đang đổ dữ liệu cho bảng `comments`
--

INSERT INTO `comments` (`id`, `post_id`, `content`, `created_at`, `updated_at`) VALUES
(4, 43, '2 nữ sinh đạt giải quốc gia thật xuất sắc ', '2018-05-31 14:33:06', '0000-00-00 00:00:00'),
(5, 42, 'thật là vinh dự', '2018-05-31 14:35:00', '0000-00-00 00:00:00'),
(6, 41, 'thật là vui vui vui', '2018-05-31 14:35:12', '0000-00-00 00:00:00'),
(7, 41, 'thật là vui vui vui', '2018-05-31 14:35:23', '0000-00-00 00:00:00'),
(8, 43, 'thật là vui vui vui', '2018-05-31 14:35:36', '0000-00-00 00:00:00'),
(9, 59, 'hahahahaha', '2018-05-31 16:28:20', '0000-00-00 00:00:00'),
(10, 61, 'ehehehehehehee', '2018-05-31 16:28:20', '0000-00-00 00:00:00');

-- --------------------------------------------------------

--
-- Cấu trúc bảng cho bảng `contacts`
--

CREATE TABLE `contacts` (
  `id` int(10) UNSIGNED NOT NULL COMMENT 'ID liên hệ',
  `name` varchar(32) CHARACTER SET utf8 NOT NULL COMMENT 'tên người gửi',
  `email` varchar(50) CHARACTER SET utf8 NOT NULL COMMENT 'địa chỉ email',
  `content` text CHARACTER SET utf8 NOT NULL COMMENT 'nội dung',
  `status` int(11) NOT NULL,
  `created_at` timestamp NULL DEFAULT NULL,
  `updated_at` timestamp NULL DEFAULT NULL
) ENGINE=InnoDB DEFAULT CHARSET=utf8 COLLATE=utf8_unicode_ci;

--
-- Đang đổ dữ liệu cho bảng `contacts`
--

INSERT INTO `contacts` (`id`, `name`, `email`, `content`, `status`, `created_at`, `updated_at`) VALUES
(6, 'sdasdsadaASDAS', 'fsfsd@dasdas.ss', 'sấda', 0, '2018-06-03 15:38:28', '2018-06-03 15:38:28'),
(7, 'phạm văn hiếu', 'hieuhanam@gmail.com', 'dmasmmmmdmadsmasmdas', 0, '2018-06-04 10:17:55', '2018-06-04 10:17:55'),
(8, 'nguyễn văn quy', 'nguyenvanquy@gmail.com', 'accaavavavavav', 0, '2018-06-04 11:50:38', '2018-06-04 11:50:38'),
(9, 'mạc duy', 'macduy@gmail.com', 'chẳng có liên hệ gì', 0, '2018-06-12 08:57:01', '2018-06-12 08:57:01'),
(11, 'văn quy', 'vanquy@gmail.com', 'àasfasfasfasf', 1, '2018-06-18 02:28:51', '2018-06-18 02:28:51'),
(12, 'hoàng anh', 'hoanganhlee@gmail.com', 'Test 1 2 3 4', 0, '2018-06-24 14:52:37', '2018-06-24 14:52:37'),
(13, 'Oliver Giroud', 'OliverGiroud@yahoo.com.vn', 'Pháp win rồi ae ơi', 0, '2018-07-10 19:45:51', '2018-07-10 19:45:51');

-- --------------------------------------------------------

--
-- Cấu trúc bảng cho bảng `media`
--

CREATE TABLE `media` (
  `id` int(10) UNSIGNED NOT NULL COMMENT 'ID hình ảnh, video',
  `name` varchar(50) CHARACTER SET utf8 NOT NULL COMMENT 'tên hình ảnh',
  `image` varchar(255) CHARACTER SET utf8 NOT NULL COMMENT 'Hình ảnh',
  `path` varchar(255) CHARACTER SET utf8 NOT NULL COMMENT 'đường dẫn ảnh',
  `description` varchar(100) CHARACTER SET utf8 NOT NULL COMMENT 'miêu tả',
  `type` int(10) NOT NULL COMMENT 'thể loại',
  `created_at` timestamp NULL DEFAULT NULL,
  `updated_at` timestamp NULL DEFAULT NULL
) ENGINE=InnoDB DEFAULT CHARSET=utf8 COLLATE=utf8_unicode_ci;

--
-- Đang đổ dữ liệu cho bảng `media`
--

INSERT INTO `media` (`id`, `name`, `image`, `path`, `description`, `type`, `created_at`, `updated_at`) VALUES
(25, 'thi cử', 'du-an-cua-hoc-sinh-viet-nam-gianh-giai-ba-cuoc-thi-khoa-hoc-ky-thuat-quoc-te-tai-my-15267271919671390585342 - Copy.JPG', 'upload/image', 'ảnh thi ', 1, '2018-06-04 11:14:24', '2018-05-20 02:26:00'),
(26, 'ngập lụt', 'img4266-1526739174321687408104.jpg', 'upload/image', 'Tân Sơn Nhất', 1, '2018-05-20 02:35:17', '2018-05-20 02:35:17'),
(37, '9x hoa khôi', 'zYDLYx9_c84f4532271cce9e01d833a11d53fcfe.jpg', 'upload/image', 'hoa khôi', 1, '2018-05-27 12:40:13', '2018-05-27 12:40:13'),
(39, 'taylor swift', 'taylor-swift-ruc-ro-tren-tham-do-1451246391-56804337270ca.jpg', 'upload/image', 'taylor', 1, '2018-05-27 12:45:17', '2018-05-27 12:45:17'),
(40, 'ảnh cháy', 'photo-1-1527497510504729296960.jpg', 'upload/image', 'cháy', 1, '2018-05-28 10:15:49', '2018-05-28 10:15:49'),
(41, 'xahoi1', 'xahoi1.jpg', 'upload/image', 'xahoi1', 1, '2018-05-29 11:41:33', '2018-05-29 11:41:33'),
(42, 'xahoi2', 'xahoi2.jpg', 'upload/image', 'xahoi2', 1, '2018-05-29 11:41:56', '2018-05-29 11:41:56'),
(43, 'kinhdoanh1', 'image001_1.jpg', 'upload/image', 'kinhdoanh', 1, '2018-05-29 11:54:55', '2018-05-29 11:54:55'),
(44, 'kinhdoanh2', 's_1.jpg', 'upload/image', 'kinhdoanh', 1, '2018-05-29 11:55:05', '2018-05-29 11:55:05'),
(45, 'kinhdoanh3', 'scg.jpg', 'upload/image', 'kinhdoanh3', 1, '2018-05-29 11:55:22', '2018-05-29 11:55:22'),
(46, 'kinhdoanh4', 'simrac_zing.jpg', 'upload/image', 'kinhdoanh4', 1, '2018-05-29 11:55:36', '2018-05-29 11:55:36'),
(47, 'phimanh1', '02-15271784501351081630989-1527745713349507765136.jpg', 'upload/image', 'phimanh1', 1, '2018-05-31 11:08:26', '2018-05-31 11:08:26'),
(48, 'phimanh2', '10-15277518964071861969387.png', 'upload/image', 'phimanh2', 1, '2018-05-31 11:08:37', '2018-05-31 11:08:37'),
(49, 'phimanh3', 'photo-1-1527734707648397739509.jpg', 'upload/image', 'phimanh3', 1, '2018-05-31 11:08:47', '2018-05-31 11:08:47'),
(50, 'phimanh4', 'photo-1-15277539884361321140047.png', 'upload/image', 'phimanh4', 1, '2018-05-31 11:08:57', '2018-05-31 11:08:57'),
(51, 'phạm băng băng', 'phambangbang.jpg', 'upload/image', 'phạm băng băng', 1, '2018-05-31 11:16:14', '2018-05-31 11:16:14'),
(52, 'huynhhieuminh', 'huynhhieuminh.jpg', 'upload/image', 'huynhhieuminh', 1, '2018-05-31 11:16:26', '2018-05-31 11:16:26'),
(53, 'bi rain film', 'birain.jpg', 'upload/image', 'bi rain film', 1, '2018-05-31 11:16:40', '2018-05-31 11:16:40'),
(54, 'thu ki film', 'thuki.jpg', 'upload/image', 'thu ki film', 1, '2018-05-31 11:16:55', '2018-05-31 11:16:55'),
(55, 'shinee', 'photo-1-1527753487879174772153.jpg', 'upload/image', 'shineeeeeeeeee', 1, '2018-05-31 15:20:47', '2018-05-31 15:20:47'),
(56, 'shine2', 'photo-1-1527747048314163202472.jpg', 'upload/image', 'shineeeeeeee', 1, '2018-05-31 15:24:47', '2018-05-31 15:24:47'),
(57, 'maitiendung', 'mtdimg3159-1527740422584258271726.jpg', 'upload/image', 'maitiendunggg', 1, '2018-05-31 15:26:03', '2018-05-31 15:26:03'),
(58, 'fornite bị kiện', 'photo1527587826345-1527587826346526433806.jpg', 'upload/image', 'bị kiện rồi', 1, '2018-05-31 15:39:43', '2018-05-31 15:39:43'),
(59, 'bigo cube tv', 'img20180528101830812.jpg', 'upload/image', 'bigo cube tv', 1, '2018-05-31 15:40:02', '2018-05-31 15:40:02'),
(60, 'steam link', 'photo-1-152740695884712163388.jpg', 'upload/image', 'steam link ios', 1, '2018-05-31 15:40:24', '2018-05-31 15:40:24'),
(61, 'quảng cáo game', '3319455321753010491634526046311816638758912n-15269769501401043739962.png', 'upload/image', 'quảng cáo game', 1, '2018-05-31 15:40:44', '2018-05-31 15:40:44'),
(62, 'Hòa Minzy', 'dai-nhac-hoi-imc-hoa-minzy-7-1280x853-1527656624089697530160.jpg', 'upload/image', 'blahblahblah', 1, '2018-05-31 16:04:36', '2018-05-31 16:04:36'),
(63, 'Bộ trang sức', 'img20180530111846091.jpg', 'upload/image', 'bộ trang sức', 1, '2018-05-31 16:05:11', '2018-05-31 16:05:11'),
(64, 'dép tổ ong', 'img20180531110649620.jpg', 'upload/image', 'dép tổ ong', 1, '2018-05-31 16:05:24', '2018-05-31 16:05:24'),
(65, 'Balenciaga', '1-15275712948801982414514.jpg', 'upload/image', 'nigga everywhere', 1, '2018-05-31 16:05:45', '2018-05-31 16:05:45'),
(66, 'fb bị hack', '1-1527691945165677075752.png', 'upload/image', 'fb bị hack', 1, '2018-05-31 16:47:12', '2018-05-31 16:47:12'),
(67, 'house 2tek', 'img20180530153509783.jpg', 'upload/image', 'house 2tek', 1, '2018-05-31 16:47:31', '2018-05-31 16:47:31'),
(68, 'test phone', 'photo-1-15276652184851311500701.jpg', 'upload/image', 'test phone', 1, '2018-05-31 16:47:46', '2018-05-31 16:47:46'),
(69, 'chuyển đổi sđt', 'photo-1-15276718809211862810489.png', 'upload/image', 'chuyển đổi sđt', 1, '2018-05-31 16:48:01', '2018-05-31 16:48:01'),
(70, 'neuer', 'photo-1-15278219991381800257322.jpg', 'upload/image', 'neuer neuer', 1, '2018-06-01 11:01:58', '2018-06-01 11:01:58'),
(72, 'messiworldcup', 'messi-copa-del-mundo-1440x864c-15277558584151990073104.jpg', 'upload/image', 'messiworldcup', 1, '2018-06-01 11:02:41', '2018-06-01 11:02:41'),
(73, 'bản quyền wc', '1556690-15278352071971000887984.jpg', 'upload/image', 'bản quyền wc', 1, '2018-06-01 11:02:55', '2018-06-01 11:02:55'),
(74, 'zidane c1', 'cc-6916-1527773101.jpg', 'upload/image', 'zidane c1zidane c1', 1, '2018-06-01 11:28:31', '2018-06-01 11:28:31'),
(75, 'xứ Trung', 'ava-1528018580876596622310.jpg', 'upload/image', 'xứ Trung', 1, '2018-06-04 11:26:57', '2018-06-04 11:26:57'),
(76, 'Minh Hằng', '2-15280211121331666685882.jpg', 'upload/image', 'Minh Hằng', 1, '2018-06-04 11:27:08', '2018-06-04 11:27:08'),
(77, 'Mộng Phù Hoa', '1-15275599663561455579591.jpg', 'upload/image', 'Mộng Phù Hoa', 1, '2018-06-04 11:27:22', '2018-06-04 11:27:22'),
(78, 'Nhắm Mắt Thấy Mùa Hè', 'img3355-15280913060901703499793.jpg', 'upload/image', 'Nhắm Mắt Thấy Mùa Hè', 1, '2018-06-04 11:27:40', '2018-06-04 11:27:40'),
(79, 'aquaman', 'photo-4-1529027850974273784134.jpg', 'upload/image', 'aquaman', 1, '2018-06-15 14:37:00', '2018-06-15 14:37:00'),
(80, 'valak', 'photo-1-15289075709321851763090.png', 'upload/image', 'valak', 1, '2018-06-15 14:37:11', '2018-06-15 14:37:11'),
(81, 'ben ng dơi', 'photo-1-15290348855041141889322.jpg', 'upload/image', 'ben ng dơi', 1, '2018-06-15 14:37:24', '2018-06-15 14:37:24'),
(82, 'incredibles', 'photo-1-15289710433671842972628.jpg', 'upload/image', 'incredibles', 1, '2018-06-15 14:37:39', '2018-06-15 14:37:39'),
(83, 'black pink', 'photo-1-15290643500651431839007.jpg', 'upload/image', 'black pink', 1, '2018-06-15 14:49:38', '2018-06-15 14:49:38'),
(84, 'cây đổ', 'photo-1-1529069969903419208950.jpg', 'upload/image', 'cây đổ rồi', 1, '2018-06-15 14:53:51', '2018-06-15 14:53:51'),
(85, 'wonder woman 1984', 'photo-1-1528943522648913753.jpeg', 'upload/image', 'wonder woman 1984', 1, '2018-06-15 14:56:53', '2018-06-15 14:56:53'),
(86, 'jurassic world', 'photo-1-152895414012868082738.jpg', 'upload/image', 'jurassic world', 1, '2018-06-15 14:57:08', '2018-06-15 14:57:08'),
(87, 'Apple hoạt hình', 'the-breadwinner-parvana-cropped-1529053302803366201035.jpg', 'upload/image', 'Apple hoạt hình', 1, '2018-06-16 03:59:38', '2018-06-16 03:59:38'),
(88, 'Ocean 8', 'photo-1-15290418297841198802861.jpg', 'upload/image', 'Ocean 8', 1, '2018-06-16 03:59:56', '2018-06-16 03:59:56'),
(89, 'Kelly Marie Tan', 'photo-1-15289806531151341661340.jpg', 'upload/image', 'Kelly Marie Tan', 1, '2018-06-16 04:00:19', '2018-06-16 04:00:19'),
(90, 'bánh bao', 'photo-1-15287992476351337604755.jpg', 'upload/image', 'phim ngắn', 1, '2018-06-16 04:07:22', '2018-06-16 04:07:22'),
(91, 'Thanh Hà', 'anh-chup-man-hinh-2018-06-14-luc-103057-15289471255901481137494.png', 'upload/image', 'Thanh hà hát', 1, '2018-06-16 04:16:40', '2018-06-16 04:16:40'),
(92, 'Monstar tung MV', 'img9015-15287325391321387658718.jpg', 'upload/image', 'Monstar tung MV', 1, '2018-06-16 04:21:19', '2018-06-16 04:21:19'),
(93, 'Stream Spotify', 'j-balvin-press-photo-2018-billboard-1548-1529996176023338642088.jpg', 'upload/image', 'Stream Spotify', 1, '2018-06-27 12:32:34', '2018-06-27 12:32:34'),
(94, 'Billboard top 200', '5-seconds-of-summer-press-photo-03-2018-billboard-1548-15299088134191586618904.jpg', 'upload/image', 'Billboard top 200', 1, '2018-06-27 12:33:03', '2018-06-27 12:33:03'),
(95, 'Robbie William', '4d91f4c200000578-5878537-image-m-441529794623287-15298212732301273599861.jpg', 'upload/image', 'Robbie William', 1, '2018-06-27 12:46:27', '2018-06-27 12:46:27'),
(96, 'taylor swift london', 'taylor-swift-niall-horan-reputation-tour-01-152973837412158560335.jpg', 'upload/image', 'taylor swift london', 1, '2018-06-27 12:46:52', '2018-06-27 12:46:52'),
(97, 'Bống bống bang bang', '365-a-15300906007411978329587.jpg', 'upload/image', 'Bống bống bang bang', 1, '2018-06-27 12:58:42', '2018-06-27 12:58:42'),
(98, 'Sơn tùng MTP', 'a-15300321076161599704672.jpg', 'upload/image', 'Sơn tùng MTP', 1, '2018-06-27 12:59:08', '2018-06-27 12:59:08'),
(99, 'Boss bơi', '360026311495892403890107804762599370522624n-15300039164741411458001-1530003986976899754067.png', 'upload/image', 'Boss bơi', 1, '2018-06-27 13:40:54', '2018-06-27 13:40:54'),
(100, 'siêu mẫu tóc', '3625256421654467237396775146458542550548480n-1530074438042112551623.jpg', 'upload/image', 'siêu mẫu tóc', 1, '2018-06-27 13:41:08', '2018-06-27 13:41:08'),
(101, 'Biển hiệu', '3613719921149350654341563615831871562186752n-1530000823904930165882.jpg', 'upload/image', 'Biển hiệu', 1, '2018-06-27 13:41:19', '2018-06-27 13:41:19'),
(102, 'mất tiền is real', 'hai-doi-tuong-rut-trom-toan-bo-so-tien-15-trieu-co-trong-the-atm-cua-chi-uyen-sau-khi-nhat-duoc-the-anh-cat-tu-clip-1529929561169420628163.png', 'upload/image', 'mất tiền is real', 1, '2018-06-27 14:01:07', '2018-06-27 14:01:07'),
(103, 'truy bắt', 'anh-cong-an-tai-hien-truong-15282850036841682670156.png', 'upload/image', 'truy bắt rồi', 1, '2018-06-27 14:04:07', '2018-06-27 14:04:07'),
(104, 'Thắc mắc giá bia', 'photo-1-15293259362401452792221.jpg', 'upload/image', 'Thắc mắc giá bia', 1, '2018-06-27 14:06:46', '2018-06-27 14:06:46'),
(105, 'Giả mạo đánh dân', '1209124-1529914719901353130126.jpg', 'upload/image', 'Giả mạo đánh dân', 1, '2018-06-27 14:09:39', '2018-06-27 14:09:39'),
(106, 'Chứng khoán 1', 'ty_phu_thumb.jpg', 'upload/image', 'Chứng khoán 1', 1, '2018-07-02 12:50:34', '2018-07-02 12:50:34'),
(107, 'Chứng khoán 2', 'img20170619081842516cf482.jpg', 'upload/image', 'Chứng khoán 2', 1, '2018-07-02 12:50:44', '2018-07-02 12:50:44'),
(108, 'bất động sản 1', 'image001_9.jpg', 'upload/image', 'bất động sản 1', 1, '2018-07-02 13:02:46', '2018-07-02 13:02:46'),
(109, 'bất động sản 2', 'HT_Nova_6.jpg', 'upload/image', 'bất động sản 2', 1, '2018-07-02 13:03:18', '2018-07-02 13:03:18'),
(110, 'pc games 1', '2-15305170419421171548245.jpg', 'upload/image', 'pc games 1', 1, '2018-07-02 13:09:16', '2018-07-02 13:09:16'),
(111, 'pc games 2', '1-15304346612491141702056.jpg', 'upload/image', 'pc games 2', 1, '2018-07-02 13:09:47', '2018-07-02 13:09:47'),
(112, 'Online games 1', 'photo-4-15305230771051023278483.jpg', 'upload/image', 'Online games 1', 1, '2018-07-02 13:15:57', '2018-07-02 13:15:57'),
(113, 'Online games 2', 'photo-0-1530525299108110117838.jpg', 'upload/image', 'Online games 2', 1, '2018-07-02 13:16:10', '2018-07-02 13:16:10'),
(114, 'Mốt 24h 1', 'photo-1-15302917438811045190990.jpg', 'upload/image', 'Mốt 24h 1', 1, '2018-07-03 02:09:09', '2018-07-03 02:09:09'),
(115, 'Mốt 24h 2', 'fendi-1-1530273825884242312003.jpg', 'upload/image', 'Mốt 24h 2', 1, '2018-07-03 02:09:35', '2018-07-03 02:09:35'),
(116, '5 kiểu tóc', 'park-min-young-xinh-dep-rung-dong-ngay-trong-tap-dau-phim-moi-b7a0ec-1530523887123415969776.jpg', 'upload/image', '5 kiểu tóc', 1, '2018-07-03 02:16:20', '2018-07-03 02:16:20'),
(117, 'xương rồng', 'photo-1-15304651415721553570153.jpg', 'upload/image', 'xương rồng', 1, '2018-07-03 02:16:52', '2018-07-03 02:16:52'),
(118, 'ftusal việt', 'DLAP7765.JPG', 'upload/image', 'ftusal việt', 1, '2018-07-03 02:37:10', '2018-07-03 02:37:10'),
(119, 'đà nẵng dragon', '1.JPG', 'upload/image', 'đà nẵng dragon', 1, '2018-07-03 02:37:25', '2018-07-03 02:37:25'),
(120, 'Thể thao 1', 'Df5bXsMWsAIu92u.jpg', 'upload/image', 'Thể thao 1', 1, '2018-07-03 02:42:30', '2018-07-03 02:42:30'),
(121, 'Thể thao 2', 'DgdhNuTUcAASbF_.jpg', 'upload/image', 'Thể thao 2', 1, '2018-07-03 02:42:39', '2018-07-03 02:42:39'),
(122, 'Note 9 SS', 'photo-1-15303421794391006002443.jpg', 'upload/image', 'Note 9 SS', 1, '2018-07-03 03:16:11', '2018-07-03 03:16:11'),
(123, 'ios 12 trên iphone', 'ios-12-beta-2-without-developer-account-740x381-15302764064831209759075-15304576991761994955743.png', 'upload/image', 'ios 12 trên iphone', 1, '2018-07-03 03:23:42', '2018-07-03 03:23:42'),
(124, 'Facebook messenger', '170406140907-facebook-m-messenger-780x439-1530587670018951418654.jpg', 'upload/image', 'Facebook messenger', 1, '2018-07-03 03:44:16', '2018-07-03 03:44:16'),
(125, 'iphone mùa world cup', 'photo-1-15301963499861230281695.jpg', 'upload/image', 'iphone mùa world cup', 1, '2018-07-03 03:44:37', '2018-07-03 03:44:37');

-- --------------------------------------------------------

--
-- Cấu trúc bảng cho bảng `migrations`
--

CREATE TABLE `migrations` (
  `id` int(10) UNSIGNED NOT NULL,
  `migration` varchar(255) COLLATE utf8mb4_unicode_ci NOT NULL,
  `batch` int(11) NOT NULL
) ENGINE=InnoDB DEFAULT CHARSET=utf8mb4 COLLATE=utf8mb4_unicode_ci;

-- --------------------------------------------------------

--
-- Cấu trúc bảng cho bảng `posts`
--

CREATE TABLE `posts` (
  `id` int(10) UNSIGNED NOT NULL COMMENT 'ID bài viết',
  `title` varchar(255) CHARACTER SET utf8 NOT NULL COMMENT 'tiêu đề',
  `description` varchar(100) CHARACTER SET utf8 NOT NULL COMMENT 'miêu tả',
  `content` text CHARACTER SET utf8 NOT NULL COMMENT 'nội dung',
  `user_id` int(10) UNSIGNED NOT NULL COMMENT 'ID người dùng',
  `media_id` int(10) UNSIGNED NOT NULL COMMENT 'ID hình ảnh',
  `categories_id` int(10) UNSIGNED NOT NULL COMMENT 'ID danh mục',
  `views` int(10) NOT NULL COMMENT 'lượt xem',
  `status` int(10) NOT NULL COMMENT 'trạng thái bài viết',
  `created_at` timestamp NULL DEFAULT NULL,
  `updated_at` timestamp NULL DEFAULT NULL
) ENGINE=InnoDB DEFAULT CHARSET=utf8 COLLATE=utf8_unicode_ci;

--
-- Đang đổ dữ liệu cho bảng `posts`
--

INSERT INTO `posts` (`id`, `title`, `description`, `content`, `user_id`, `media_id`, `categories_id`, `views`, `status`, `created_at`, `updated_at`) VALUES
(28, '2 nữ sinh Hải Phòng giành giải Ba tại cuộc thi 2018', 'nữ sinh đạt giải asc', '<p>Hai cô bạn Lê Tuyết Quỳnh Anh và Phạm Thị Minh Huệ (học sinh Trường THPT chuyên Trần Phú, Hải Phòng) vừa đoạt giải Ba cuộc thi Khoa học kỹ thuật Quốc tế 2018 (Intel ISEF 2018) tổ chức tại Mỹ với dự án ở lĩnh vực Hoá sinh:&nbsp;<em>\"Nghiên cứu phát triển liệu pháp thực khuẩn thể nhằm thay thế kháng sinh trong điều trị vi khuẩn tụ cầu vàng (Staphylococcus aureus).\"</em></p>\r\n\r\n<p>Quỳnh Anh và Minh Huệ là đại diện Việt Nam duy nhất giành được giải ở kỳ thì năm nay, phần thưởng 2 bạn nhận được là 1.000 USD.</p>\r\n\r\n<p><img alt=\"\" src=\"https://sv1.uphinhnhanh.com/images/2018/05/20/du-an-cua-hoc-sinh-viet-nam-gianh-giai-ba-cuoc-thi-khoa-hoc-ky-thuat-quoc-te-tai-my-15267271919671390585342-Copy.jpg\" style=\"height:277px; width:493px\" /></p>\r\n\r\n<p><span style=\"color:rgb(34, 34, 34); font-family:times new roman,georgia,serif; font-size:17px\">Nam sinh Oliver Nicholls, đến từ Australia với dự án Robot làm sạch cửa sổ tự động cho các tòa nhà thương mại cao tầng đã giành giải nhất tại&nbsp;cuộc thi Khoa học kỹ thuật Quốc tế 2018 với giải thưởng 75.000 USD.&nbsp;</span><span style=\"color:rgb(34, 34, 34); font-family:times new roman,georgia,serif; font-size:17px\">Nước chủ nhà Mỹ có 2 giải Nhì của 2 học sinh Meghana Bollimpalli và Dhruvik Parikh.</span></p>', 15, 25, 17, 4, 1, '2018-06-16 03:57:46', '2018-06-16 03:57:46'),
(35, 'TP.HCM: Cháy lớn ở Liên đoàn bản đồ địa chất Việt Nam, nhiều người tháo chạy tán loạn', 'cháy lớn rồi', '<p><span style=\"color:rgb(29, 33, 41); font-family:helvetica,arial,sans-serif\">mình có cảm giác như khúc cuối lúc mà flash chuẩn bị đấm vào vệ tinh thì bị tua lại và có sự giúp đỡ của cô con gái vậy có khi nào lúc đó flash đã thực sự chết và cô con gái đã trở lại quá khử để giúp flash không? kiểu như cô con gái cũng fuck timeline =)))</span></p>\r\n\r\n<p><span style=\"color:rgb(29, 33, 41); font-family:helvetica,arial,sans-serif\"><img alt=\"\" src=\"https://kenh14cdn.com/thumb_w/620/2018/5/28/photo-1-15274974834801476696096.jpg\" /></span></p>\r\n\r\n<p><span style=\"color:rgb(34, 34, 34); font-family:times new roman,georgia,serif; font-size:17px\">Thông tin ban đầu, 14h30</span><span style=\"color:rgb(34, 34, 34); font-family:times new roman,georgia,serif; font-size:17px\">&nbsp;cùng ngày, một số nhân viên đang làm việc tại Liên đoàn bản đồ địa chất Việt Nam có trụ sở ở đường Trương Định, phường 5, quận 3, TPHCM phát hiện khói lửa nghi ngút bốc ra từ phía sau toà nhà trên nên hô hoán và tìm cách tháo chạy tán loạn.</span></p>\r\n\r\n<p><span style=\"color:rgb(34, 34, 34); font-family:times new roman,georgia,serif; font-size:17px\"><img alt=\"\" src=\"https://kenh14cdn.com/thumb_w/620/2018/5/28/photo-1-1527497510504729296960.jpg\" /></span></p>\r\n\r\n<p><span style=\"color:rgb(34, 34, 34); font-family:times new roman,georgia,serif; font-size:17px\">Toàn bộ con đường Trương Định được lực lượng phong toả để tiến hành khống chế hỏa hoạn. Do khu vực cháy có nhiều vật dụng dễ cháy nên lực lượng phải đem mặt nạ chống độc tiếp cận hiện trường. Lực lượng cũng tiến hành cắt điện để đảm bảo an toàn cháy nổ.</span></p>', 15, 40, 17, 1, 1, '2018-06-15 13:39:04', '2018-06-15 13:39:04'),
(38, 'Hà Nội: Cá lại chết nhiều bất thường, nổi lềnh bềnh ở hồ Hoàng Cầu', 'cá chết nhiều quá', '<p>Đêm ngày 20/5 tại lễ trao giải Billboard Music Award 2018, đã quy tụ dàn khách mời khủng như Taylor Swift, Luis Fonsi, Khalid,... nhưng đặc sắc hơn cả là màn trình diễn của các ngôi sao quốc tế</p>\r\n\r\n<p style=\"text-align:center\"><img alt=\"\" src=\"https://kenh14cdn.com/thumb_w/620/2018/5/29/33941972101603869511654816632809813023653888o-1527640030523211891286.jpg\" style=\"height:413px; width:620px\" /></p>\r\n\r\n<p style=\"text-align:center\"><span style=\"color:rgb(34, 34, 34); font-family:times new roman,georgia,serif; font-size:17px\">Chiều 29/5, nhiều người dân sống quanh khu vực hồ Hoàng Cầu (Đống Đa, Hà Nội) cho biết, sáng nay có rất nhiều cá chết nổi trắng mặt hồ, công nhân môi trường đã phải đi thuyền thu gom suốt từ sáng sớm.</span></p>\r\n\r\n<p style=\"text-align:center\"><span style=\"color:rgb(34, 34, 34); font-family:times new roman,georgia,serif; font-size:17px\"><img alt=\"\" src=\"https://kenh14cdn.com/thumb_w/620/2018/5/29/34061955101603869511754811872758513042718720o-15276400305261341645413.jpg\" style=\"height:401px; width:620px\" /></span></p>', 15, 41, 17, 2, 1, '2018-06-15 13:46:05', '2018-07-10 18:06:46'),
(39, 'Nam thanh niên đánh cô gái gãy răng vì \"tranh ăn trước đĩa bánh xèo\" bị phạt 1,5 triệu đồng', 'đánh nhau vì ăn', '<p>Đêm ngày 20/5 tại lễ trao giải Billboard Music Award 2018, đã quy tụ dàn khách mời khủng như Taylor Swift, Luis Fonsi, Khalid,... nhưng đặc sắc hơn cả là màn trình diễn của các ngôi sao quốc tế</p>\r\n\r\n<p><img alt=\"\" src=\"https://kenh14cdn.com/thumb_w/620/2018/5/29/30173602966948813481469615616179o-15232819732411385629371-15253607055361594650235-15275873534072129562997.jpg\" style=\"height:442px; width:620px\" /></p>\r\n\r\n<p><span style=\"color:rgb(34, 34, 34); font-family:times new roman,georgia,serif; font-size:17px\">Chiều 29/5, Trung tá Trần Văn Quang, Đội trưởng Đội điều tra tổng hợp Công an quận Sơn Trà (TP Đà Nẵng) xác nhận, đã ra quyết định không khởi tố vụ án nam thanh niên đánh cô gái trẻ vì \"tranh ăn trước bánh xèo\" xảy ra trên địa bàn.</span></p>\r\n\r\n<p><span style=\"color:rgb(34, 34, 34); font-family:times new roman,georgia,serif; font-size:17px\"><img alt=\"\" src=\"https://kenh14cdn.com/thumb_w/620/2018/5/29/301769889669124134851091596897567o-152326721180694252456-15275874186162037764131.jpg\" style=\"height:465px; width:620px\" /></span></p>', 15, 42, 19, 2, 1, '2018-06-15 13:50:59', '2018-06-27 13:41:44'),
(40, 'CEO Asanzo: Từ người bưng phở, tải hàng đến ông chủ hãng TV triệu đô', 'ababababbaba', '<p style=\"text-align:center\">Đêm ngày 20/5 tại lễ trao giải Billboard Music Award 2018, đã quy tụ dàn khách mời khủng như Taylor Swift, Luis Fonsi, Khalid,... nhưng đặc sắc hơn cả là màn trình diễn của các ngôi sao quốc tế</p>\r\n\r\n<p style=\"text-align:center\"><img alt=\"\" src=\"https://znews-photo-td.zadn.vn/w660/Uploaded/wyhktpu/2018_05_29/image001_1.jpg\" style=\"height:441px; width:660px\" /></p>\r\n\r\n<p style=\"text-align:center\">Không chọn vào đại học như nhiều chủ doanh nghiệp khác, quá trình bươn chải cuộc sống đã giúp Phạm Văn Tam tay trắng dựng cơ đồ nghìn tỷ.</p>\r\n\r\n<p style=\"text-align:center\"><img alt=\"\" src=\"https://znews-photo-td.zadn.vn/w660/Uploaded/wyhktpu/2018_05_29/image003_1.jpg\" style=\"height:440px; width:660px\" /></p>', 15, 43, 20, 1, 1, '2018-06-15 14:02:04', '2018-07-10 18:06:34'),
(41, 'Người dùng Việt ngày càng thích nghi với xu hướng không tiền mặt', 'abasbasasbasb', '<p>Đêm ngày 20/5 tại lễ trao giải Billboard Music Award 2018, đã quy tụ dàn khách mời khủng như Taylor Swift, Luis Fonsi, Khalid,... nhưng đặc sắc hơn cả là màn trình diễn của các ngôi sao quốc tế</p>\r\n\r\n<p style=\"text-align:center\"><img alt=\"\" src=\"https://znews-photo-td.zadn.vn/w1024/Uploaded/wyhktpu/2018_05_29/s_1.jpg\" style=\"height:406px; width:600px\" /></p>\r\n\r\n<p style=\"text-align:center\"><span style=\"color:rgb(34, 34, 34); font-family:noto serif,serif; font-size:17.6px\">Thói quen thanh toán tại Việt Nam đã chuyển biến theo hướng ngày càng nhiều người chọn thanh toán di động thay cho tiền mặt. Trong đó, thẻ ngân hàng tiếp tục phát triển, lượng thẻ phát hành, giá trị giao dịch thẻ tiếp tục tăng trưởng ổn định. Vì sao xu hướng thanh toán không tiền mặt lại được người Việt hưởng ứng đến vậy?</span></p>\r\n\r\n<p style=\"text-align:center\"><span style=\"color:rgb(34, 34, 34); font-family:noto serif,serif; font-size:17.6px\"><img alt=\"\" src=\"https://znews-photo-td.zadn.vn/w1024/Uploaded/wyhktpu/2018_05_29/zing_3.jpg\" style=\"height:400px; width:600px\" /></span></p>', 15, 44, 20, 1, 1, '2018-06-15 13:59:54', '2018-07-10 18:06:29'),
(42, 'Đại gia Thái thâu tóm toàn bộ dự án hóa dầu trị giá 5,4 tỷ USD', 'heheheheee', '<p>Đêm ngày 20/5 tại lễ trao giải Billboard Music Award 2018, đã quy tụ dàn khách mời khủng như Taylor Swift, Luis Fonsi, Khalid,... nhưng đặc sắc hơn cả là màn trình diễn của các ngôi sao quốc tế</p>\r\n\r\n<p style=\"text-align:center\"><img alt=\"\" src=\"https://znews-photo-td.zadn.vn/w660/Uploaded/aohunkx/2018_05_29/scg.jpg\" style=\"height:387px; width:580px\" /></p>\r\n\r\n<p style=\"text-align:center\">Doanh nghiệp thâu tóm 100% vốn cổ phần tại Hóa dầu Long Sơn không mấy xa lạ, chính là Tập đoàn SCG của Thái Lan với nhiều thương vụ đình đám tại Việt Nam trước đó.</p>\r\n\r\n<p style=\"text-align:center\"><img alt=\"\" src=\"http://image.toquoc.vn/w500/Uploaded/quynhanh/2018_05_30/20150225_siam1_article_main_image_wxze_MSAB.jpg\" style=\"height:345px; width:660px\" /></p>', 15, 45, 20, 5, 1, '2018-06-15 13:56:20', '2018-07-10 18:00:07'),
(43, 'Rút gọn SIM 11 số, khoảng 60 triệu thuê bao bị ảnh hưởng', 'vávasbabsabsabs', '<p style=\"text-align:center\">Đêm ngày 20/5 tại lễ trao giải Billboard Music Award 2018, đã quy tụ dàn khách mời khủng như Taylor Swift, Luis Fonsi, Khalid,... nhưng đặc sắc hơn cả là màn trình diễn của các ngôi sao quốc tế</p>\r\n\r\n<p style=\"text-align:center\"><img alt=\"\" src=\"https://znews-photo-td.zadn.vn/w660/Uploaded/ovhunut/2017_07_14/simrac_zing.jpg\" style=\"height:404px; width:660px\" /></p>\r\n\r\n<p style=\"text-align:center\">Theo số liệu từ các nhà mạng, có khoảng 60 triệu thuê bao di động 11 số và 700 thuê bao VSAT bị tác động khi chuyển đổi SIM 11 số về 10 số.</p>\r\n\r\n<p style=\"text-align:center\"><img alt=\"\" src=\"https://baomoi-photo-1-td.zadn.vn/w1000_r1/18/05/29/70/26217654/1_99146.jpg\" style=\"height:400px; width:600px\" /></p>\r\n\r\n<p>Theo ông Trần Mạnh Tuấn, Phó cục trưởng Cục Viễn thông, đối với tất cả số thuê bao hiện tại có 10 chữ số sẽ không có gì thay đổi. Đối với số thuê bao VSAT và thuê bao 11 chữ số, 7 chữ số cuối cùng cũng không có gì thay đổi mà chỉ thay đổi mã mạng.&nbsp;</p>\r\n\r\n<p>Ông Tuấn cũng khẳng định: \"Việc chuyển đổi mã mạng là cần thiết và đem lại lợi ích lâu dài cho sự phát triển kinh tế - xã hội nhưng có tác động đến doanh nghiệp viễn thông và người sử dụng. Do vậy, Bộ TT&amp;TT và các doanh nghiệp viễn thông thực hiện các biện pháp thông tin, tuyên truyền kết hợp các biện pháp kỹ thuật để hạn chế tối đa tác động\"</p>', 15, 46, 20, 3, 1, '2018-06-15 13:54:08', '2018-07-10 18:00:00'),
(44, 'Trải nghiệm kinh dị bơi trong bể nước tiểu của Chris Pratt', 'trải nghiệm kinh dị b', '<p>Shawn Mendes và Camila Cabelo tuy chưa bao giờ công khai nói yêu nhau nhưng người hâm mộ luôn mong rằng họ sẽ sớm trở thành một cặp. Trong album mới vừa được tung ra, nam ca sĩ đang có ẩn ý mình có tình cảm với cô nàng này&nbsp;</p>\r\n\r\n<p><img alt=\"\" src=\"https://kenh14cdn.com/thumb_w/620/2018/5/31/photo-1-15277539884361321140047.png\" style=\"height:332px; width:620px\" /></p>\r\n\r\n<p>Shawn Mendes và Camila Cabelo tuy chưa bao giờ công khai nói yêu nhau nhưng người hâm mộ luôn mong rằng họ sẽ sớm trở thành một cặp. Trong album mới vừa được tung ra, nam ca sĩ đang có ẩn ý mình có tình cảm với cô nàng này&nbsp;</p>\r\n\r\n<p><img alt=\"\" src=\"https://kenh14cdn.com/thumb_w/620/2018/5/31/photo-1-1527753849583305750490.jpg\" style=\"height:349px; width:620px\" /></p>\r\n\r\n<p>Shawn Mendes và Camila Cabelo tuy chưa bao giờ công khai nói yêu nhau nhưng người hâm mộ luôn mong rằng họ sẽ sớm trở thành một cặp. Trong album mới vừa được tung ra, nam ca sĩ đang có ẩn ý mình có tình cảm với cô nàng này&nbsp;</p>', 15, 50, 11, 1, 1, '2018-06-15 11:48:11', '2018-06-15 11:48:11'),
(45, '5 bom tấn điện ảnh Hàn được chờ đợi nhất mùa hè 2018', '5 bom tấn điện ảnh hàn mùa hè', '<p>Shawn Mendes và Camila Cabelo tuy chưa bao giờ công khai nói yêu nhau nhưng người hâm mộ luôn mong rằng họ sẽ sớm trở thành một cặp. Trong album mới vừa được tung ra, nam ca sĩ đang có ẩn ý mình có tình cảm với cô nàng này&nbsp;</p>\r\n\r\n<h3><strong>1.&nbsp;<a class=\"link-inline-content\" href=\"http://kenh14.vn/along-with-the-gods-2018.html\" style=\"margin: 0px; padding: 0px; border: 0px; font: inherit; vertical-align: baseline; text-decoration-line: none; box-sizing: border-box;\" target=\"_blank\" title=\"Along with the Gods 2\">Along with the Gods 2</a></strong></h3>\r\n\r\n<p><strong><img alt=\"\" src=\"https://kenh14cdn.com/thumb_w/620/2018/5/31/10-15277518964071861969387.png\" /></strong></p>\r\n\r\n<p><strong>2.&nbsp;<a class=\"link-inline-content\" href=\"http://kenh14.vn/the-spy-gone-north-2018.html\" style=\"margin: 0px; padding: 0px; border: 0px; font: inherit; vertical-align: baseline; text-decoration-line: none; box-sizing: border-box;\" target=\"_blank\" title=\"The Spy Gone North\">The Spy Gone North</a></strong></p>\r\n\r\n<p><strong><img alt=\"\" src=\"https://kenh14cdn.com/thumb_w/620/2018/5/31/18-1527752081043151322184.jpeg\" style=\"height:413px; width:620px\" /></strong></p>\r\n\r\n<p>&nbsp;</p>', 15, 48, 11, 1, 1, '2018-06-15 11:43:45', '2018-06-15 11:43:45'),
(46, '3 phim Hàn đáng xem nhất tháng 6: Phim số 2 đang được cực nhiều người hóng', '3 phim hàn tháng 6', '<p>Shawn Mendes và Camila Cabelo tuy chưa bao giờ công khai nói yêu nhau nhưng người hâm mộ luôn mong rằng họ sẽ sớm trở thành một cặp. Trong album mới vừa được tung ra, nam ca sĩ đang có ẩn ý mình có tình cảm với cô nàng này&nbsp;</p>\r\n\r\n<h3><strong>1. Are You Human Too? (Anh Cũng Là Con Người?)</strong></h3>\r\n\r\n<p><strong><img alt=\"\" src=\"https://kenh14cdn.com/thumb_w/620/2018/5/31/03-152717845014047081420-15277457133531610202607.jpg\" style=\"height:434px; width:620px\" /></strong></p>\r\n\r\n<p><strong>2. What\'s Wrong with Secretary Kim (Thư Ký Kim Sao Thế?)</strong></p>\r\n\r\n<p><strong><img alt=\"\" src=\"https://kenh14cdn.com/thumb_w/620/2018/5/28/t15-15274924629621690994834.jpg\" style=\"height:744px; width:620px\" /></strong></p>', 15, 47, 11, 6, 1, '2018-06-15 14:48:52', '2018-06-15 14:48:52'),
(47, 'Bồi hồi nhìn lại 10 nhân vật anime gắn liền với tuổi thơ khán giả Việt (Phần 1)', 'nhân vật anime', '<p>Shawn Mendes và Camila Cabelo tuy chưa bao giờ công khai nói yêu nhau nhưng người hâm mộ luôn mong rằng họ sẽ sớm trở thành một cặp. Trong album mới vừa được tung ra, nam ca sĩ đang có ẩn ý mình có tình cảm với cô nàng này&nbsp;</p>\r\n\r\n<h3><strong>1. Edogawa Conan (Thám Tử Lừng Danh Conan)</strong></h3>\r\n\r\n<p><strong><img alt=\"\" src=\"https://kenh14cdn.com/thumb_w/620/2018/5/31/photo-1-1527734707648397739509.jpg\" style=\"height:463px; width:620px\" /></strong></p>\r\n\r\n<p>Shawn Mendes và Camila Cabelo tuy chưa bao giờ công khai nói yêu nhau nhưng người hâm mộ luôn mong rằng họ sẽ sớm trở thành một cặp. Trong album mới vừa được tung ra, nam ca sĩ đang có ẩn ý mình có tình cảm với cô nàng này&nbsp;</p>\r\n\r\n<p><strong>2. Doraemon (Doraemon)</strong></p>\r\n\r\n<p><strong><img alt=\"\" src=\"https://kenh14cdn.com/thumb_w/620/2018/5/31/photo-1-15277347092441355856464.jpg\" style=\"height:349px; width:620px\" /></strong></p>', 15, 49, 11, 1, 1, '2018-06-15 11:36:14', '2018-06-15 11:36:14'),
(48, 'Phạm Băng Băng: Vận xui nửa đầu năm 2018 với hàng loạt lùm xùm bủa vây!', 'film của PBB bg', '<p>Shawn Mendes và Camila Cabelo tuy chưa bao giờ công khai nói yêu nhau nhưng người hâm mộ luôn mong rằng họ sẽ sớm trở thành một cặp. Trong album mới vừa được tung ra, nam ca sĩ đang có ẩn ý mình có tình cảm với cô nàng này&nbsp;</p>\r\n\r\n<p><img alt=\"\" src=\"https://kenh14cdn.com/thumb_w/620/2018/5/30/1-15276663981821215939091.jpg\" style=\"height:413px; width:620px\" /></p>\r\n\r\n<p>Shawn Mendes và Camila Cabelo tuy chưa bao giờ công khai nói yêu nhau nhưng người hâm mộ luôn mong rằng họ sẽ sớm trở thành một cặp. Trong album mới vừa được tung ra, nam ca sĩ đang có ẩn ý mình có tình cảm với cô nàng này&nbsp;</p>\r\n\r\n<p><img alt=\"Chân dung nam MC Thôi Vĩnh Nguyên – người châm ngòi cho mọi lùm xùm\" src=\"https://kenh14cdn.com/thumb_w/620/2018/5/30/2-15276664509031605753315.jpg\" style=\"height:426px; width:620px\" /></p>', 15, 51, 12, 2, 1, '2018-06-15 12:53:50', '2018-06-15 12:53:50'),
(49, 'Huỳnh Hiểu Minh tránh né chuyện xưa với Triệu Vy: \"Mọi người đều đã lập gia đình cả rồi\"', 'HHM né tránh Triệu Vy', '<p>Shawn Mendes và Camila Cabelo tuy chưa bao giờ công khai nói yêu nhau nhưng người hâm mộ luôn mong rằng họ sẽ sớm trở thành một cặp. Trong album mới vừa được tung ra, nam ca sĩ đang có ẩn ý mình có tình cảm với cô nàng này&nbsp;</p>\r\n\r\n<p><img alt=\"\" src=\"Shawn Mendes và Camila Cabelo tuy chưa bao giờ công khai nói yêu nhau nhưng người hâm mộ luôn mong rằng họ sẽ sớm trở thành một cặp. Trong album mới vừa được tung ra, nam ca sĩ đang có ẩn ý mình có tình cảm với cô nàng này \" /><img alt=\"\" src=\"https://kenh14cdn.com/thumb_w/620/2018/5/30/04-15276703231991869200598.jpg\" style=\"height:421px; width:620px\" /></p>\r\n\r\n<p>Shawn Mendes và Camila Cabelo tuy chưa bao giờ công khai nói yêu nhau nhưng người hâm mộ luôn mong rằng họ sẽ sớm trở thành một cặp. Trong album mới vừa được tung ra, nam ca sĩ đang có ẩn ý mình có tình cảm với cô nàng này&nbsp;</p>\r\n\r\n<p><img alt=\"\" src=\"https://kenh14cdn.com/thumb_w/620/2018/5/30/07-1527670410373999999297.jpg\" style=\"height:413px; width:620px\" /></p>', 15, 52, 12, 1, 1, '2018-06-15 11:53:05', '2018-06-15 11:53:05'),
(50, 'Phim mới của Bi Rain - \"Sketch\": Khi khán giả hồi hộp đến \"thòng cả tim\"', 'phim mới của Bi Rain', '<p>Shawn Mendes và Camila Cabelo tuy chưa bao giờ công khai nói yêu nhau nhưng người hâm mộ luôn mong rằng họ sẽ sớm trở thành một cặp. Trong album mới vừa được tung ra, nam ca sĩ đang có ẩn ý mình có tình cảm với cô nàng này&nbsp;</p>\r\n\r\n<p><img alt=\"\" src=\"https://kenh14cdn.com/thumb_w/620/2018/5/30/w4-1527672225067972811368.jpg\" style=\"height:414px; width:620px\" /></p>\r\n\r\n<p>Shawn Mendes và Camila Cabelo tuy chưa bao giờ công khai nói yêu nhau nhưng người hâm mộ luôn mong rằng họ sẽ sớm trở thành một cặp. Trong album mới vừa được tung ra, nam ca sĩ đang có ẩn ý mình có tình cảm với cô nàng này</p>\r\n\r\n<p><img alt=\"\" src=\"https://kenh14cdn.com/thumb_w/620/2018/5/30/w9-15276723964481590249473.jpg\" style=\"height:413px; width:620px\" /></p>', 15, 53, 12, 1, 1, '2018-06-15 11:51:53', '2018-06-15 11:51:53'),
(51, '\"Thư Ký Kim\": Park Seo Joon nghẹn lời vì bị Park Min Young \"coi không ra gì\"', 'thư kí Kim', '<p>Shawn Mendes và Camila Cabelo tuy chưa bao giờ công khai nói yêu nhau nhưng người hâm mộ luôn mong rằng họ sẽ sớm trở thành một cặp. Trong album mới vừa được tung ra, nam ca sĩ đang có ẩn ý mình có tình cảm với cô nàng này</p>\r\n\r\n<p><img alt=\"\" src=\"https://kenh14cdn.com/thumb_w/620/2018/5/30/000003-1527660694157958456984.jpg\" style=\"height:349px; width:620px\" /></p>\r\n\r\n<p>Shawn Mendes và Camila Cabelo tuy chưa bao giờ công khai nói yêu nhau nhưng người hâm mộ luôn mong rằng họ sẽ sớm trở thành một cặp. Trong album mới vừa được tung ra, nam ca sĩ đang có ẩn ý mình có tình cảm với cô nàng này</p>\r\n\r\n<p><img alt=\"\" src=\"https://kenh14cdn.com/thumb_w/620/2018/5/30/000004-1527660735376288841720.jpg\" style=\"height:349px; width:620px\" />&nbsp;</p>', 15, 54, 12, 2, 1, '2018-06-15 11:50:47', '2018-06-24 14:04:03'),
(52, 'Sau 10 năm hoạt động, SHINee chính thức tái kí hợp đồng cùng SM', 'shine hoạt động', '<p>Shawn Mendes và Camila Cabelo tuy chưa bao giờ công khai nói yêu nhau nhưng người hâm mộ luôn mong rằng họ sẽ sớm trở thành một cặp. Trong album mới vừa được tung ra, nam ca sĩ đang có ẩn ý mình có tình cảm với cô nàng này&nbsp;</p>\r\n\r\n<p style=\"text-align:center\"><img alt=\"\" src=\"https://kenh14cdn.com/thumb_w/620/2018/5/31/photo-1-1527753487879174772153.jpg\" style=\"height:413px; width:620px\" /></p>\r\n\r\n<p style=\"text-align:center\"><span style=\"color:rgb(34, 34, 34); font-family:times new roman,georgia,serif; font-size:17px\">Đây là thông tin khiến cộng đồng Shawol (fan SHINee) hết sức vui mừng vì trong những năm gần đây khi kết thúc hợp đồng với công ty quản lý, thông thường các idolgroup sẽ chọn cách \"đường ai nấy đi\", tách ra để phát triển sự nghiệp cá nhân hơn là việc tiếp tục quảng bá chung một nhóm.</span></p>\r\n\r\n<p style=\"text-align:center\"><span style=\"color:rgb(34, 34, 34); font-family:times new roman,georgia,serif; font-size:17px\"><img alt=\"\" src=\"https://nerdloveshop.files.wordpress.com/2017/12/shinee.png?w=827\" style=\"height:502px; width:827px\" /></span></p>', 15, 55, 14, 1, 1, '2018-06-15 13:08:11', '2018-07-10 17:58:01'),
(53, 'SHINee: Dù chỉ còn 4 người nhưng vẫn là idolgroup 5 thành viên', 'shineeeeeeeee', '<p style=\"text-align:center\">Shawn Mendes và Camila Cabelo tuy chưa bao giờ công khai nói yêu nhau nhưng người hâm mộ luôn mong rằng họ sẽ sớm trở thành một cặp. Trong album mới vừa được tung ra, nam ca sĩ đang có ẩn ý mình có tình cảm với cô nàng này&nbsp;</p>\r\n\r\n<p style=\"text-align:center\"><img alt=\"\" src=\"https://kenh14cdn.com/thumb_w/620/2018/5/31/photo-1-1527747048314163202472.jpg\" style=\"height:349px; width:620px\" /></p>\r\n\r\n<p style=\"text-align:center\"><span style=\"color:rgb(34, 34, 34); font-family:times new roman,georgia,serif; font-size:17px\">Onew giải thích lý do vì sao nhóm chọn thể hiện \"An Encore\" rằng: \"Tất cả chúng tôi đã cùng nhau quyết định. Chúng tôi chọn ca khúc này là vì ý nghĩa sẽ cùng nhau hoạt động thật tốt với tư cách là nhóm nhạc 5 thành viên, giống như lời bài hát vậy.\"</span></p>\r\n\r\n<p style=\"text-align:center\"><span style=\"color:rgb(34, 34, 34); font-family:times new roman,georgia,serif; font-size:17px\"><img alt=\"\" src=\"https://kenh14cdn.com/2018/5/31/180531musikshinee1-15277472348581353735649.gif.mp4\" /><img alt=\"\" src=\"https://0.soompi.io/wp-content/uploads/2018/01/08213107/SHINee-e1515477243173.jpg\" style=\"height:390px; width:620px\" /></span></p>', 15, 56, 14, 1, 1, '2018-06-15 13:05:07', '2018-07-10 17:57:58'),
(54, 'Mai Tiến Dũng tung bản EDM đậm chất mùa hè sau bao ngày chờ đợi', 'đậm chất mùa hè', '<p>Shawn Mendes và Camila Cabelo tuy chưa bao giờ công khai nói yêu nhau nhưng người hâm mộ luôn mong rằng họ sẽ sớm trở thành một cặp. Trong album mới vừa được tung ra, nam ca sĩ đang có ẩn ý mình có tình cảm với cô nàng này&nbsp;</p>\r\n\r\n<p style=\"text-align:center\"><img alt=\"\" src=\"http://cdn.hoahoctro.vn/uploads/2018/05/5b0f7696b6b8b-mtdimg3159.jpg\" style=\"height:453px; width:660px\" /></p>\r\n\r\n<p style=\"text-align:center\"><span style=\"color:rgb(34, 34, 34); font-family:averta bold; font-size:15px\">Mai Tiến Dũng</span><span style=\"color:rgb(34, 34, 34); font-family:averta; font-size:15px\">&nbsp;chia sẻ: “</span><span style=\"color:rgb(34, 34, 34); font-family:averta bold; font-size:15px\">Dũng</span><span style=\"color:rgb(34, 34, 34); font-family:averta; font-size:15px\">&nbsp;nghĩ không khí&nbsp;</span><em>tropical house</em><span style=\"color:rgb(34, 34, 34); font-family:averta; font-size:15px\">&nbsp;của&nbsp;</span><span style=\"color:rgb(34, 34, 34); font-family:averta bold; font-size:15px\">Say nắng</span><span style=\"color:rgb(34, 34, 34); font-family:averta; font-size:15px\">&nbsp;sẽ hợp với mùa Hè sắp đến”.</span></p>\r\n\r\n<p style=\"text-align:center\"><span style=\"color:rgb(34, 34, 34); font-family:averta; font-size:15px\"><img alt=\"\" src=\"http://cdn.hoahoctro.vn/uploads/2018/05/5b0f7695b51a0-mtdimg3170.jpg\" style=\"height:400px; width:330px\" /></span></p>', 15, 57, 14, 3, 1, '2018-06-16 03:57:30', '2018-07-10 17:57:53'),
(55, 'PUBG kiện Fortnite vi phạm bản quyền ý tưởng và giao diện người dùng', 'bị kiện rồi', '<p>Shawn Mendes và Camila Cabelo tuy chưa bao giờ công khai nói yêu nhau nhưng người hâm mộ luôn mong rằng họ sẽ sớm trở thành một cặp. Trong album mới vừa được tung ra, nam ca sĩ đang có ẩn ý mình có tình cảm với cô nàng này&nbsp;</p>\r\n\r\n<p><img alt=\"\" src=\"http://genknews.genkcdn.vn/thumb_w/660/2018/5/29/pubg-vs-fortnite-1527587373464226241043.png\" style=\"height:371px; width:660px\" /></p>\r\n\r\n<p><span style=\"color:rgb(34, 34, 34); font-family:times new roman,georgia,serif; font-size:17px\">Mới đây, PUBG Corp, nhà phát triển tựa game&nbsp;</span><em>PlayerUnknown’s Battlegrounds</em><span style=\"color:rgb(34, 34, 34); font-family:times new roman,georgia,serif; font-size:17px\">&nbsp;(PUBG), đã chính thức đệ đơn kiện đối thủ Epic Games cùng bom tấn&nbsp;</span><em>Fortnite Battle Royale</em><span style=\"color:rgb(34, 34, 34); font-family:times new roman,georgia,serif; font-size:17px\">&nbsp;lên tòa án Hàn Quốc. Đại diện của PUBG Corp cho biết trong đơn kiện của họ đã nêu rất rõ những bằng chứng cho thấy Epic Games và Fortnite vi phạm bản quyền ý tưởng cốt lõi, một số vật dụng cũng như giao diện người dùng trong PUBG.</span></p>\r\n\r\n<p><span style=\"color:rgb(34, 34, 34); font-family:times new roman,georgia,serif; font-size:17px\"><img alt=\"\" src=\"http://genknews.genkcdn.vn/thumb_w/660/2018/5/29/3358176-pubg-vs-fortnite-promo-1-2-15275875890441417615531.jpg\" style=\"height:371px; width:660px\" /></span></p>', 15, 58, 23, 1, 1, '2018-06-15 14:10:35', '2018-06-15 14:10:35'),
(56, 'BIGO ra mắt Cube TV để đem lại cho người chơi một bước tiến mới trong lĩnh vực eSport', 'ra mắt mới', '<p>Shawn Mendes và Camila Cabelo tuy chưa bao giờ công khai nói yêu nhau nhưng người hâm mộ luôn mong rằng họ sẽ sớm trở thành một cặp. Trong album mới vừa được tung ra, nam ca sĩ đang có ẩn ý mình có tình cảm với cô nàng này&nbsp;</p>\r\n\r\n<p><img alt=\"\" src=\"http://game8.vn/media/201805/images/cubetv-anh-bv-book-1.jpg\" style=\"height:337px; width:600px\" /></p>\r\n\r\n<p><strong>Là một chiến lược mở rộng, BIGO ra mắt Cube TV. Ứng dụng được tập trung vào truyền phát trực tiếp trò chơi di động, đấu trường eSports (thể thao điện tử) và một trung tâm mua sắm trò chơi. Nó nhằm mục đích cung cấp cho người dùng một cách tiếp cận \"Chuyên nghiệp\".</strong></p>\r\n\r\n<p><strong><img alt=\"\" src=\"http://game8.vn/media/201805/images/cubetv-anh-bv-book-2.jpg\" style=\"height:400px; width:600px\" /></strong></p>', 15, 59, 23, 1, 1, '2018-06-15 14:08:37', '2018-06-15 14:08:37'),
(57, 'Apple để ngỏ khả năng cho phép Steam Link trên iOS sau khi \"cấm cửa\" ứng dụng này', 'cho phép steam', '<p>Shawn Mendes và Camila Cabelo tuy chưa bao giờ công khai nói yêu nhau nhưng người hâm mộ luôn mong rằng họ sẽ sớm trở thành một cặp. Trong album mới vừa được tung ra, nam ca sĩ đang có ẩn ý mình có tình cảm với cô nàng này&nbsp;</p>\r\n\r\n<p><img alt=\"\" src=\"http://genknews.genkcdn.vn/zoom/650_413/2018/5/27/photo1527406267080-15274062670801146487657.jpeg\" style=\"height:413px; width:650px\" /></p>\r\n\r\n<p><span style=\"color:rgb(34, 34, 34); font-family:times new roman,georgia,serif; font-size:17px\">Việc Apple từ chối cho phép Steam Link lên App Store không có nghĩa là giấc mơ chơi game stream từ PC lên iPhone của bạn đã chấm dứt. Hôm nay, Phó Chủ tịch Apple là Phil Schiller vừa gửi email đến người dùng Steam với những từ ngữ như hãng sẽ \"tiếp tục làm việc với\" Valve để phát triển một phiên bản Steam Link tuân theo các quy định của App Store. Bức thư này không phải là một lời đảm bảo rằng bạn sẽ được stream game trong tương lai gần, nhưng ít ra nó cũng để ngỏ một khả năng như vậy.</span></p>\r\n\r\n<p><span style=\"color:rgb(34, 34, 34); font-family:times new roman,georgia,serif; font-size:17px\"><img alt=\"\" src=\"http://genknews.genkcdn.vn/thumb_w/660/2018/5/27/photo-1-152740695884712163388.jpg\" style=\"height:371px; width:660px\" /></span></p>', 15, 60, 23, 3, 1, '2018-06-15 14:05:40', '2018-07-05 02:34:09'),
(58, 'Quảng cáo trong game mobile hóa thành \"bẫy\" thách thức người chơi', 'bẫy quảng cáo', '<p>Shawn Mendes và Camila Cabelo tuy chưa bao giờ công khai nói yêu nhau nhưng người hâm mộ luôn mong rằng họ sẽ sớm trở thành một cặp. Trong album mới vừa được tung ra, nam ca sĩ đang có ẩn ý mình có tình cảm với cô nàng này&nbsp;</p>\r\n\r\n<p><img alt=\"\" src=\"http://genknews.genkcdn.vn/thumb_w/660/2018/5/22/3319455321753010491634526046311816638758912n-15269769501401043739962.png\" style=\"height:371px; width:660px\" /></p>\r\n\r\n<p>Game mobile, ứng dụng trên là thiên đường của quảng cáo và giao dịch trong game, đó là điều mà ai cũng biết.</p>\r\n\r\n<p>Có những nhà phát hành app không có lương tâm, kiếm đủ mọi cách để lừa người dùng bấm vào những quảng cáo hiện đột ngột. Ví dụ đơn giản nhất, là đang ngay trong lúc cao trào của bấm liên tục vào màn hình, ứng dụng/game ấy sẽ hiện quảng cáo để bạn bấm nhầm vào. Cực kì khó chịu và đó sẽ là lúc bạn tìm ngay tới nút gỡ ứng dụng.</p>\r\n\r\n<p><img alt=\"\" src=\"http://genknews.genkcdn.vn/thumb_w/660/2018/5/22/3310056321753092758292963025463774636146688n-15269769364111773736453.png\" style=\"height:371px; width:660px\" /></p>', 15, 61, 23, 1, 1, '2018-06-15 14:03:48', '2018-06-15 14:03:48'),
(59, '\"sơ mi phông\" giá gần 30 triệu VNĐ và cư dân mạng được phen cười như được mùa', 'thật là buồn cười', '<p>Shawn Mendes và Camila Cabelo tuy chưa bao giờ công khai nói yêu nhau nhưng người hâm mộ luôn mong rằng họ sẽ sớm trở thành một cặp. Trong album mới vừa được tung ra, nam ca sĩ đang có ẩn ý mình có tình cảm với cô nàng này&nbsp;</p>\r\n\r\n<p><img alt=\"\" src=\"https://kenh14cdn.com/thumb_w/620/2018/5/29/1-15275712948801982414514.jpg\" style=\"height:388px; width:620px\" /></p>\r\n\r\n<p><span style=\"color:rgb(34, 34, 34); font-family:times new roman,georgia,serif; font-size:17px\">Nhà mốt Balenciaga vốn nổi tiếng với những thiết kế phá cách và chúng đã trở thành nguồn cảm hứng bất tận cho những câu chuyện \"buôn dưa lê\" cũng như những bức hình meme hài hước của cư dân mạng.&nbsp;</span><span style=\"color:rgb(34, 34, 34); font-family:times new roman,georgia,serif; font-size:17px\">Sau&nbsp;</span><a class=\"link-inline-content\" href=\"http://kenh14.vn/balenciaga-ket-hop-voi-crocs-cho-ra-mat-mau-dep-di-mua-kho-ta-nhat-mua-paris-fashion-week-nam-nay-20171002153712289.chn\" style=\"margin: 0px; padding: 0px; border: 0px; font-variant-numeric: inherit; font-variant-east-asian: inherit; font-stretch: inherit; font-size: 17px; line-height: inherit; font-family: \" target=\"_blank\" title=\"mẫu dép đi mưa cao cả tấc cục mịch đến khó tả\">mẫu dép đi mưa cao cả tấc cục mịch đến khó tả</a><span style=\"color:rgb(34, 34, 34); font-family:times new roman,georgia,serif; font-size:17px\">&nbsp;hay&nbsp;</span><a class=\"link-inline-content\" href=\"http://kenh14.vn/fashion/hai-huoc-tui-xach-nghin-do-cua-balenciaga-giong-het-tui-nilon-thai-lan-2016031001362357.chn\" style=\"margin: 0px; padding: 0px; border: 0px; font-variant-numeric: inherit; font-variant-east-asian: inherit; font-stretch: inherit; font-size: 13pt; line-height: inherit; font-family: \" target=\"_blank\" title=\"mẫu túi quá khổ trông như có họ hàng với túi nilon của dân buôn Thái Lan\">mẫu túi quá khổ trông như có họ hàng với túi nilon của dân buôn Thái Lan</a><span style=\"color:rgb(34, 34, 34); font-family:times new roman,georgia,serif; font-size:17px\">, mới đây nhà mốt Pháp lại vừa bị dân tình châm biếm vì thiết kế áo 2-trong-1 mông lung như một trò đùa.</span></p>\r\n\r\n<p><span style=\"color:rgb(34, 34, 34); font-family:times new roman,georgia,serif; font-size:17px\"><img alt=\"\" src=\"https://kenh14cdn.com/thumb_w/620/2018/5/29/2-1527571294881900724965.png\" style=\"height:334px; width:620px\" /></span></p>', 22, 65, 26, 1, 1, '2018-06-15 14:17:38', '2018-07-10 17:57:26'),
(60, 'Mặc lại váy cũ, Hòa Minzy “đụng hàng” bất phân thắng bại với Nhã Phương', 'hòa minzy mặc váy', '<p>Shawn Mendes và Camila Cabelo tuy chưa bao giờ công khai nói yêu nhau nhưng người hâm mộ luôn mong rằng họ sẽ sớm trở thành một cặp. Trong album mới vừa được tung ra, nam ca sĩ đang có ẩn ý mình có tình cảm với cô nàng này&nbsp;</p>\r\n\r\n<p><img alt=\"\" src=\"https://kenh14cdn.com/thumb_w/620/2018/5/30/dai-nhac-hoi-imc-hoa-minzy-7-1280x853-1527656624089697530160.jpg\" style=\"height:413px; width:620px\" /></p>\r\n\r\n<p><span style=\"color:rgb(34, 34, 34); font-family:times new roman,georgia,serif; font-size:17px\">Hòa Minzy được nhiều khán giả biết đến với tính cách tưng tửng, lầy lội nhưng cũng vô cùng đáng yêu. Nhiều người cho rằng gu thời trang của cô hẳn cũng \"men\" lắm, thế nhưng không phải vậy, Hòa Minzy cũng là 1 cô nàng bánh bèo thích diện đầm công chúa bồng xòe. Đặc biệt là khi đi diễn, Hòa Minzy luôn ưu ái cho những mẫu váy điệu đà.</span></p>\r\n\r\n<p><span style=\"color:rgb(34, 34, 34); font-family:times new roman,georgia,serif; font-size:17px\"><img alt=\"\" src=\"https://kenh14cdn.com/thumb_w/620/2018/5/30/2285201714554383811764172641587115938073690n-15276566651771894858017.jpg\" style=\"height:965px; width:620px\" /></span></p>', 22, 62, 26, 1, 1, '2018-06-15 14:16:34', '2018-06-15 14:16:34'),
(61, 'Ngắm trọn bộ trang sức ngọc trai nổi bật cùng dàn mẫu đình đám trên sàn diễn ngoài trời', 'bộ trang sức ngọc trai', '<p>Shawn Mendes và Camila Cabelo tuy chưa bao giờ công khai nói yêu nhau nhưng người hâm mộ luôn mong rằng họ sẽ sớm trở thành một cặp. Trong album mới vừa được tung ra, nam ca sĩ đang có ẩn ý mình có tình cảm với cô nàng này&nbsp;</p>\r\n\r\n<p><img alt=\"\" src=\"http://channel.mediacdn.vn/thumb_w/640/prupload/879/2018/05/img20180530111846091.jpg\" style=\"height:426px; width:640px\" /></p>\r\n\r\n<p><span style=\"color:rgb(34, 34, 34); font-family:times new roman,georgia,serif; font-size:17px\">Chiều ngày 26/05/2018 tại Lăng Cô – Huế, show diễn Xuân Hè 2018 của NTK Đỗ Mạnh Cường đã diễn ra. Với tông màu trắng, đen đón đầu xu hướng năm 2018 được chọn làm chủ đạo bao trùm cả khán phòng kết hợp cùng những trang phục đa sắc màu, các thiết kế mới mang phong cách Avant-Garde kết hợp với xử lý chất liệu tinh tế và khéo léo của NTK, làng thời trang Việt lại có thêm một làn sóng mới.</span></p>\r\n\r\n<p><span style=\"color:rgb(34, 34, 34); font-family:times new roman,georgia,serif; font-size:17px\"><img alt=\"\" src=\"http://channel.mediacdn.vn/thumb_w/640/prupload/879/2018/05/img20180530111845907.jpg\" style=\"height:480px; width:640px\" /><img alt=\"\" src=\"http://channel.mediacdn.vn/thumb_w/640/prupload/879/2018/05/img20180530111846369.jpg\" style=\"height:480px; width:640px\" /></span></p>', 22, 63, 26, 2, 1, '2018-06-15 14:15:23', '2018-06-18 02:34:32'),
(62, 'Trào lưu dép tổ ong phong cách mới gây bão trong giới trẻ trong ngày hè nóng bức', 'trào lưu mới', '<p>Shawn Mendes và Camila Cabelo tuy chưa bao giờ công khai nói yêu nhau nhưng người hâm mộ luôn mong rằng họ sẽ sớm trở thành một cặp. Trong album mới vừa được tung ra, nam ca sĩ đang có ẩn ý mình có tình cảm với cô nàng này&nbsp;</p>\r\n\r\n<p><img alt=\"\" src=\"https://cdn.pose.com.vn/assets/2018/04/307269841897864451514857550822554956366840n-1523948257556152307471.jpg\" style=\"height:495px; width:660px\" /></p>\r\n\r\n<p><span style=\"font-family:roboto,sans-serif; font-size:16px\">Từ xưa tới nay, dép tổ ong với thiết kế dép vô cùng đơn giản trên nền màu trắng với đế dép bằng nhựa cao su, quai dép ngang có hệ thống nhiều lỗ giúp thoát khí.&nbsp;Mẫu dép tổ ong đầu tiên được sản xuất bởi Xí nghiệp nhựa Hải Phòng, mang nhãn hiệu Tiền Phong và ngay lập tức được trở thành loại dép phổ biến trong mọi gia đình.</span></p>\r\n\r\n<p><span style=\"font-family:roboto,sans-serif; font-size:16px\"><img alt=\"\" src=\"https://cdn.pose.com.vn/assets/2018/04/307075191897864518181512591069983942929995n-15239482575501270411735.jpg\" /></span></p>', 22, 64, 26, 4, 1, '2018-06-15 14:13:46', '2018-07-04 16:36:21'),
(63, 'Hàng triệu thuê bao 11 số phải tới ngân hàng để cập nhật số di động', 'đổi số điện thoại', '<p>Shawn Mendes và Camila Cabelo tuy chưa bao giờ công khai nói yêu nhau nhưng người hâm mộ luôn mong rằng họ sẽ sớm trở thành một cặp. Trong album mới vừa được tung ra, nam ca sĩ đang có ẩn ý mình có tình cảm với cô nàng này&nbsp;</p>\r\n\r\n<p><img alt=\"\" src=\"https://kenh14cdn.com/thumb_w/620/2018/5/30/photo-1-15276718809211862810489.png\" style=\"height:387px; width:620px\" /></p>\r\n\r\n<p>Theo Cục Viễn thông, với những số thuê bao được gắn với các dịch vụ ngân hàng, người sử dụng sẽ chủ động tới để chuyển đổi số điện thoại. Bởi ngân hàng có thể sẽ không đổi số điện thoại nếu như người dùng chưa đổi hoặc chưa muốn đổi.</p>\r\n\r\n<p><img alt=\"\" src=\"https://vnn-imgs-f.vgcloud.vn/2018/06/05/17/doi-thue-bao-11-so-ngan-hang-vi-dien-tu-dau-dau-tim-cach-go-roi-1.jpg\" style=\"height:480px; width:720px\" /></p>', 23, 69, 32, 4, 1, '2018-06-15 14:33:51', '2018-07-09 14:31:21'),
(64, 'iPhone X và Galaxy S9 thi thả rơi sấp mặt, chỉ xem thôi cũng thấy nhói lòng', 'test điện thoại', '<p>Shawn Mendes và Camila Cabelo tuy chưa bao giờ công khai nói yêu nhau nhưng người hâm mộ luôn mong rằng họ sẽ sớm trở thành một cặp. Trong album mới vừa được tung ra, nam ca sĩ đang có ẩn ý mình có tình cảm với cô nàng này&nbsp;</p>\r\n\r\n<p><img alt=\"\" src=\"https://kenh14cdn.com/thumb_w/620/2018/5/30/photo-1-15276652184851311500701.jpg\" style=\"height:388px; width:620px\" /></p>\r\n\r\n<p>&nbsp;</p>\r\n\r\n<h3>Vòng 1: Thử sức với mặt gỗ phẳng</h3>\r\n\r\n<p><strong>- Thả sấp mặt, độ cao 1,2m:</strong>&nbsp;Cả hai ứng viên đến từ Apple và Samsung đều vượt qua xuất sắc, bình yên vô sự, không có thiệt hại gì.</p>\r\n\r\n<p><img alt=\"\" src=\"https://kenh14cdn.com/thumb_w/620/2018/5/30/photo-2-1527665220848233974317.jpg\" style=\"height:388px; width:620px\" /></p>\r\n\r\n<p>Trang công nghệ<a class=\"link-inline-content\" href=\"https://www.youtube.com/channel/UCik8xvfR6s8GQ74QNEGNzwg/videos\" rel=\"nofollow\" style=\"margin: 0px; padding: 0px; border: 0px; font: inherit; vertical-align: baseline; text-decoration-line: none; box-sizing: border-box;\" target=\"_blank\" title=\" Toms Guide \">&nbsp;Tom\'s Guide&nbsp;</a>nổi tiếng thế giới mới đây đã một lần nữa lên tiếng về một kết quả nữa giữa 2 kình địch làng smartphone:&nbsp;<a class=\"seo-suggest-link\" href=\"http://kenh14.vn/iphone-x.html\" style=\"margin: 0px; padding: 0px; border: 0px; font: inherit; vertical-align: baseline; text-decoration-line: none; box-sizing: border-box;\" target=\"_blank\" title=\"iphone x\">iPhone X</a>&nbsp;và Galaxy S9. Không phải tốc độ, không phải cấu hình, lần này là độ cứng và \"trâu bò\", bền bỉ khi bị... đập phá liên tục.</p>\r\n\r\n<p>Tom\'s Guide đặt ra 2 mức độ thử: Thả rơi từ độ cao 1,2m - thả rơi từ độ cao 1,8m, rồi kết hợp với các hình thức riêng khác nhau như thả sấp mặt, thả từ cạnh để thử nghiệm độ cứng một cách đầy đủ nhất. Và cuối cùng, họ kết thúc bằng một màn trình diễn cực sốc mà sẽ được giới thiệu ngay sau đây.</p>\r\n\r\n<h3>Vòng 1: Thử sức với mặt gỗ phẳng</h3>\r\n\r\n<p><strong>- Thả sấp mặt, độ cao 1,2m:</strong>&nbsp;Cả hai ứng viên đến từ Apple và Samsung đều vượt qua xuất sắc, bình yên vô sự, không có thiệt hại gì.</p>\r\n\r\n<div class=\"VCSortableInPreviewMode noCaption\" style=\"margin: 0px auto 22px; padding: 0px; border: 0px; font-variant-numeric: inherit; font-variant-east-asian: inherit; font-stretch: inherit; font-size: 17px; line-height: inherit; font-family: \">\r\n<div style=\"margin: 0px; padding: 0px; border: 0px; font: inherit; vertical-align: baseline; outline: 0px; box-sizing: border-box;\"><a class=\"detail-img-lightbox\" href=\"https://kenh14cdn.com/2018/5/30/photo-1-15276652184851311500701.jpg\" style=\"margin: 0px; padding: 0px; border: 0px; font: inherit; vertical-align: baseline; text-decoration-line: none; box-sizing: border-box; cursor: zoom-in; display: block;\" target=\"_blank\" title=\"\"><img alt=\"iPhone X và Galaxy S9 thi thả rơi sấp mặt, chỉ xem thôi cũng thấy nhói lòng - Ảnh 1.\" class=\"lightbox-content\" id=\"img_e921ffe0-63da-11e8-a815-d723eaf5702e\" src=\"https://kenh14cdn.com/thumb_w/620/2018/5/30/photo-1-15276652184851311500701.jpg\" style=\"border:0px; box-sizing:border-box; color:transparent; display:block; font:inherit; margin:0px; max-width:100%; padding:0px; vertical-align:bottom; width:580px\" title=\"iPhone X và Galaxy S9 thi thả rơi sấp mặt, chỉ xem thôi cũng thấy nhói lòng - Ảnh 1.\" /></a></div>\r\n</div>\r\n\r\n<p><strong>- Thả sấp mặt, độ cao 1,8m:&nbsp;</strong>Tăng độ khó lên một chút, kết quả cũng không có gì thay đổi. Khá khen cho thiết kế và tay nghề của các thương hiệu nổi tiếng dành cho dòng smartphone cao cấp của mình.</p>\r\n\r\n<h3>Vòng 2: Thử sức với mặt bê-tông</h3>\r\n\r\n<p><strong>- Thả đập cạnh, độ cao 1,2m:</strong></p>\r\n\r\n<p>Thay vì đặt máy nằm sấp xuống để chạm mặt kính như trước, lần này có thêm một tư thế được chọn là thả rơi tiếp xúc với cạnh dưới của máy. Chất liệu bề mặt thử nghiệm cũng được thay bằng bê-tông cứng đầu hơn nhiều. Kết quả: Một số vết xước xát đã xuất hiện nhưng không đáng kể, và chưa có hiện tượng nứt vỡ.</p>\r\n\r\n<p><strong>- Thả sấp mặt, độ cao 1,2m:</strong></p>\r\n\r\n<p>Có vẻ như tư thế tiếp xúc đóng vai trò rất nhiều khi ở đây, những ảnh hưởng va chạm vật lý đã rõ hơn nhiều. Màn hình nứt ở cả 2 chiếc, và nặng hơn đối với Galaxy S9. Dù vậy, cả 2 đều vẫn sử dụng tương đối bình thường được.</p>', 23, 68, 32, 4, 1, '2018-06-15 14:30:52', '2018-07-10 17:55:59'),
(65, 'Vấn nạn hack Facebook của hàng loạt sao Việt gần đây: Kẻ gian có thủ đoạn tinh vi, lợi dụng lỗi bảo mật Facebook', 'hack fb của sao', '<p>Shawn Mendes và Camila Cabelo tuy chưa bao giờ công khai nói yêu nhau nhưng người hâm mộ luôn mong rằng họ sẽ sớm trở thành một cặp. Trong album mới vừa được tung ra, nam ca sĩ đang có ẩn ý mình có tình cảm với cô nàng này&nbsp;</p>\r\n\r\n<p><img alt=\"\" src=\"https://kenh14cdn.com/thumb_w/620/2018/5/30/photo-1-15276917784041299940963.jpg\" style=\"height:482px; width:620px\" /></p>\r\n\r\n<p><span style=\"color:rgb(34, 34, 34); font-family:times new roman,georgia,serif; font-size:17px\">Thời gian gần đây, giới showbiz đang khá bối rối và hoang mang với nạn bị mất, hack tài khoản&nbsp;</span><a class=\"seo-suggest-link\" href=\"http://kenh14.vn/facebook.html\" style=\"margin: 0px; padding: 0px; border: 0px; font-variant-numeric: inherit; font-variant-east-asian: inherit; font-stretch: inherit; font-size: 17px; line-height: inherit; font-family: \" target=\"_blank\" title=\"facebook\">Facebook</a><span style=\"color:rgb(34, 34, 34); font-family:times new roman,georgia,serif; font-size:17px\">&nbsp;chính chủ, thậm chí có cả dấu tick xanh xác nhận của mình. Hầu hết nạn nhân đều là những nhân vật có tiếng tăm lớn như các ca sỹ, hoa hậu, hoặc hot Vlogger.</span></p>\r\n\r\n<p><img alt=\"\" src=\"https://kenh14cdn.com/thumb_w/620/2018/5/30/1-1527691945165677075752.png\" style=\"height:400px; width:620px\" /></p>', 23, 66, 32, 2, 1, '2018-06-15 14:29:53', '2018-07-10 17:55:52'),
(66, 'Trải nghiệm Q-House: “Sống thử” với những công nghệ giải trí đỉnh cao của một gia đình hiện đại', 'nhà công nghệ', '<p>Shawn Mendes và Camila Cabelo tuy chưa bao giờ công khai nói yêu nhau nhưng người hâm mộ luôn mong rằng họ sẽ sớm trở thành một cặp. Trong album mới vừa được tung ra, nam ca sĩ đang có ẩn ý mình có tình cảm với cô nàng này&nbsp;</p>\r\n\r\n<p><img alt=\"\" src=\"http://channel.mediacdn.vn/prupload/879/2018/05/img20180530153509783.jpg\" style=\"height:401px; width:602px\" /></p>\r\n\r\n<p><span style=\"color:rgb(34, 34, 34); font-family:times new roman,georgia,serif; font-size:17px\">Thật may mắn khi chúng tôi có cơ hội được sống trong sự sang chảnh ấy trọn vẹn một ngày với những điều thú vị mà chiếc TV QLED 2018 mang lại.</span></p>\r\n\r\n<p><span style=\"color:rgb(34, 34, 34); font-family:times new roman,georgia,serif; font-size:17px\"><img alt=\"\" src=\"http://channel.mediacdn.vn/prupload/879/2018/05/img20180530153509893.jpg\" style=\"height:337px; width:549px\" /></span></p>', 23, 67, 32, 1, 1, '2018-06-15 14:30:56', '2018-06-15 14:30:56'),
(67, 'Chấn thương cả mùa, Neuer vẫn bắt chính ở World Cup 2018', 'neuer chấn thương', '<p><span style=\"color:rgb(29, 33, 41); font-family:helvetica,arial,sans-serif\">mình có cảm giác như khúc cuối lúc mà flash chuẩn bị đấm vào vệ tinh thì bị tua lại và có sự giúp đỡ của cô con gái vậy có khi nào lúc đó flash đã thực sự chết và cô con gái đã trở lại quá khử để giúp flash không? kiểu như cô con gái cũng fuck timeline =)))</span></p>\r\n\r\n<p><span style=\"color:rgb(29, 33, 41); font-family:helvetica,arial,sans-serif\"><img alt=\"\" src=\"https://image.vtc.vn/files/ngoc.anh/2018/06/01/neuer-0835058.jpg\" style=\"height:387px; width:620px\" /></span></p>\r\n\r\n<p>&nbsp;</p>\r\n\r\n<p style=\"text-align:justify\">Manuel Neuer chưa thi đấu trận nào từ sau ca phẫu thuật tháng 9/2017. Thủ môn của Bayern Munich mới tập luyện trở lại ở CLB cách đây vài tuần. Dù vậy, HLV Joachim Low vẫn điền tên Neuer vào danh sách sơ bộ đội tuyển Đức chuẩn bị cho&nbsp;<a href=\"https://vtc.vn/world-cup-2018-137.html\" style=\"box-sizing: border-box; background-color: transparent; text-decoration-line: none; max-width: 100%; color: rgb(0, 0, 255) !important; display: inline !important;\">World Cup 2018</a>.</p>\r\n\r\n<p style=\"text-align:justify\">Ban huấn luyện đội tuyển Đức vẫn chưa thể chắc chắn về sự hồi phục của Neuer sau những buổi tập đầu tiên. Tuy nhiên, thủ môn 32 tuổi vừa nhận được sự động viên lớn khi được đảm bảo vị trí chính thức nếu kịp bình phục hoàn toàn để góp mặt tại&nbsp;<a href=\"https://vtc.vn/world-cup-2018-137.html\" id=\"link_tag_1226\" style=\"box-sizing: border-box; background-color: transparent; text-decoration-line: none; max-width: 100%; color: rgb(0, 0, 255) !important; display: inline !important;\" title=\"World Cup\">World Cup</a>.</p>\r\n\r\n<p style=\"text-align:justify\"><img alt=\"\" src=\"https://kenh14cdn.com/zoom/700_438/2018/6/1/photo1527822106536-1527822106536469462033.jpg\" style=\"height:438px; width:700px\" /></p>', 22, 70, 29, 1, 1, '2018-06-15 14:26:23', '2018-06-15 14:26:23'),
(68, 'Thực hư việc Việt Nam chính thức sở hữu bản quyền World Cup 2018', 'bản quyền WC', '<p><span style=\"color:rgb(29, 33, 41); font-family:helvetica,arial,sans-serif\">mình có cảm giác như khúc cuối lúc mà flash chuẩn bị đấm vào vệ tinh thì bị tua lại và có sự giúp đỡ của cô con gái vậy có khi nào lúc đó flash đã thực sự chết và cô con gái đã trở lại quá khử để giúp flash không? kiểu như cô con gái cũng fuck timeline =)))</span></p>\r\n\r\n<p><span style=\"color:rgb(29, 33, 41); font-family:helvetica,arial,sans-serif\"><img alt=\"\" src=\"https://kenh14cdn.com/thumb_w/620/2018/6/1/1556690-15278352071971000887984.jpg\" style=\"height:368px; width:620px\" /></span></p>\r\n\r\n<p><strong>Phía đối tác - công ty Infront Sports &amp; Media vừa xác nhận rằng Việt Nam đã sở hữu bản quyền World Cup 2018 nhưng đại diện VTV lại đưa ra thông báo hoàn toàn trái ngược.</strong></p>\r\n\r\n<p><span style=\"color:rgb(34, 34, 34); font-family:times new roman,georgia,serif; font-size:17px\">Cụ thể, công ty Infront Sports &amp; Media (đơn vị sở hữu bản quyền World Cup 2018) vừa thông tin rằng Việt Nam nằm trong danh sách 1 trong số 26 quốc gia ở khu vực châu Á đã có bản quyền phát sóng VCK World Cup 2018.</span></p>\r\n\r\n<p><span style=\"color:rgb(34, 34, 34); font-family:times new roman,georgia,serif; font-size:17px\"><img alt=\"\" src=\"https://kenh14cdn.com/thumb_w/620/2018/6/1/photo-1-15278351187812126203591.jpg\" style=\"height:423px; width:620px\" /></span></p>', 22, 73, 29, 3, 1, '2018-06-15 14:24:52', '2018-06-21 15:25:37'),
(69, 'Bóng đá vẫn còn nợ Messi chiếc Cúp vàng thế giới', 'nợ cái gì thế', '<p><span style=\"color:rgb(29, 33, 41); font-family:helvetica,arial,sans-serif\">mình có cảm giác như khúc cuối lúc mà flash chuẩn bị đấm vào vệ tinh thì bị tua lại và có sự giúp đỡ của cô con gái vậy có khi nào lúc đó flash đã thực sự chết và cô con gái đã trở lại quá khử để giúp flash không? kiểu như cô con gái cũng fuck timeline =)))</span></p>\r\n\r\n<p style=\"text-align:center\"><span style=\"color:rgb(29, 33, 41); font-family:helvetica,arial,sans-serif\"><img alt=\"\" src=\"https://kenh14cdn.com/thumb_w/620/2018/5/31/messi-copa-del-mundo-1440x864c-15277558584151990073104.jpg\" style=\"height:372px; width:620px\" /></span></p>\r\n\r\n<p style=\"text-align:center\">Lionel Messi có thể đã giành mọi thứ với Barcelona, nhưng anh vẫn còn mang nặng món nợ cùng đội tuyển Argentina cho chức vô địch World Cup mà cả đất nước xứ Tango vẫn đau đáu hàng ngày.</p>\r\n\r\n<p style=\"text-align:center\"><img alt=\"\" src=\"http://media.bongda.com.vn/files/huy.phandang/2017/12/02/ar3-2059.jpg\" style=\"height:409px; width:660px\" /></p>', 22, 72, 29, 3, 1, '2018-06-15 14:23:34', '2018-07-10 17:55:14');
INSERT INTO `posts` (`id`, `title`, `description`, `content`, `user_id`, `media_id`, `categories_id`, `views`, `status`, `created_at`, `updated_at`) VALUES
(71, 'Cực sốc: Zidane từ chức huấn luyện viên trưởng Real Madrid', 'Zidane out', '<p><span style=\"color:rgb(29, 33, 41); font-family:helvetica,arial,sans-serif\">mình có cảm giác như khúc cuối lúc mà flash chuẩn bị đấm vào vệ tinh thì bị tua lại và có sự giúp đỡ của cô con gái vậy có khi nào lúc đó flash đã thực sự chết và cô con gái đã trở lại quá khử để giúp flash không? kiểu như cô con gái cũng =)))</span></p>\r\n\r\n<p><span style=\"color:rgb(29, 33, 41); font-family:helvetica,arial,sans-serif\"><img alt=\"\" src=\"https://kenh14cdn.com/thumb_w/620/2018/5/31/zzo-15277662464051639476234.jpg\" style=\"height:483px; width:620px\" /></span></p>\r\n\r\n<p><span style=\"color:rgb(34, 34, 34); font-family:times new roman,georgia,serif; font-size:17px\">Cụ thể, nguồn tin Radio Marca khẳng định</span><span style=\"color:rgb(34, 34, 34); font-family:times new roman,georgia,serif; font-size:17px\">, thuyền trưởng người Pháp đi đến quyết định từ chức sau cuộc họp với Chủ tịch Florentino Perez. Đây là một hành động rất khó hiểu, bởi HLV Zidane vừa cùng Real Madrid đánh bại Liverpool để cùng đội bóng này lần thứ 3 vô địch Champions League.</span></p>\r\n\r\n<p><span style=\"color:rgb(34, 34, 34); font-family:times new roman,georgia,serif; font-size:17px\"><img alt=\"\" src=\"https://kenh14cdn.com/thumb_w/620/2018/5/31/3403570317481183686378184744310030092730368n-1527766253720885755662.jpg\" style=\"height:620px; width:620px\" /></span></p>', 22, 74, 29, 1, 1, '2018-06-15 14:19:37', '2018-06-15 14:19:37'),
(72, 'Thành tích phòng vé của các tiểu hoa xứ Trung: Dương Mịch, Châu Đông Vũ dẫn đầu', 'thành tích phòng vé', '<p>Shawn Mendes và Camila Cabelo tuy chưa bao giờ công khai nói yêu nhau nhưng người hâm mộ luôn mong rằng họ sẽ sớm trở thành một cặp. Trong album mới vừa được tung ra, nam ca sĩ đang có ẩn ý mình có tình cảm với cô nàng này&nbsp;</p>\r\n\r\n<p><img alt=\"\" src=\"https://kenh14cdn.com/thumb_w/620/2018/6/3/ava-1528018580876596622310.jpg\" style=\"height:383px; width:620px\" /></p>\r\n\r\n<p>Shawn Mendes và Camila Cabelo tuy chưa bao giờ công khai nói yêu nhau nhưng người hâm mộ luôn mong rằng họ sẽ sớm trở thành một cặp. Trong album mới vừa được tung ra, nam ca sĩ đang có ẩn ý mình có tình cảm với cô nàng này&nbsp;</p>\r\n\r\n<p><img alt=\"\" src=\"https://kenh14cdn.com/thumb_w/620/2018/6/3/05-1528018596011957984014.jpg\" style=\"height:587px; width:620px\" /></p>', 25, 75, 11, 1, 1, '2018-06-15 11:26:04', '2018-06-15 11:26:04'),
(73, '\"Nhắm Mắt Thấy Mùa Hè\" có thể sẽ hoàn hảo nếu không mắc phải 3 hạt sạn sau đây', 'hạt sạn to', '<p>Shawn Mendes và Camila Cabelo tuy chưa bao giờ công khai nói yêu nhau nhưng người hâm mộ luôn mong rằng họ sẽ sớm trở thành một cặp. Trong album mới vừa được tung ra, nam ca sĩ đang có ẩn ý mình có tình cảm với cô nàng này&nbsp;</p>\r\n\r\n<h3><strong>Hạ bị mất kết nối với khán giả</strong></h3>\r\n\r\n<p><strong><img alt=\"\" src=\"https://sv1.uphinhnhanh.com/images/2018/06/15/img3355-15280913060901703499793.jpg\" style=\"height:413px; width:620px\" /></strong></p>\r\n\r\n<p>Shawn Mendes và Camila Cabelo tuy chưa bao giờ công khai nói yêu nhau nhưng người hâm mộ luôn mong rằng họ sẽ sớm trở thành một cặp. Trong album mới vừa được tung ra, nam ca sĩ đang có ẩn ý mình có tình cảm với cô nàng này&nbsp;</p>\r\n\r\n<p><img alt=\"\" src=\"https://sv1.uphinhnhanh.com/images/2018/06/15/tcbc33-15280920965911360414123.jpg\" style=\"height:413px; width:620px\" /></p>', 25, 78, 11, 1, 1, '2018-06-15 11:15:06', '2018-06-15 11:15:06'),
(74, 'Muốn hạnh phúc thì đừng sống như Ba Trang của \"Mộng Phù Hoa\"', 'hạnh phúc vãi', '<p>Shawn Mendes và Camila Cabelo tuy chưa bao giờ công khai nói yêu nhau nhưng người hâm mộ luôn mong rằng họ sẽ sớm trở thành một cặp. Trong album mới vừa được tung ra, nam ca sĩ đang có ẩn ý mình có tình cảm với cô nàng này&nbsp;</p>\r\n\r\n<p><img alt=\"Có vẻ như cả thế giới đều có thể lừa gạt được Ba Trang\" src=\"https://sv1.uphinhnhanh.com/images/2018/06/15/2-1527559966360532969928.png\" style=\"height:319px; width:620px\" /></p>\r\n\r\n<p>Shawn Mendes và Camila Cabelo tuy chưa bao giờ công khai nói yêu nhau nhưng người hâm mộ luôn mong rằng họ sẽ sớm trở thành một cặp. Trong album mới vừa được tung ra, nam ca sĩ đang có ẩn ý mình có tình cảm với cô nàng này&nbsp;</p>\r\n\r\n<p><img alt=\"\" src=\"https://sv1.uphinhnhanh.com/images/2018/06/15/3-15275599663631250879391.jpg\" style=\"height:327px; width:620px\" /></p>', 25, 77, 11, 6, 1, '2018-06-15 11:38:31', '2018-06-15 11:38:31'),
(75, 'Trước khi cùng ngồi ghế nóng, Thanh Hằng – Minh Hằng đã từng có mối duyên thú vị', 'mối duyên thú zị', '<p>Shawn Mendes và Camila Cabelo tuy chưa bao giờ công khai nói yêu nhau nhưng người hâm mộ luôn mong rằng họ sẽ sớm trở thành một cặp. Trong album mới vừa được tung ra, nam ca sĩ đang có ẩn ý mình có tình cảm với cô nàng này&nbsp;</p>\r\n\r\n<p><span style=\"font-size:16px\"><span style=\"color:rgb(34, 34, 34); font-family:times new roman,georgia,serif\"><img alt=\"Thanh Hằng cùng Lương Mạnh Hải\" src=\"https://sv1.uphinhnhanh.com/images/2018/06/15/1-15280211121311819660808.jpg\" style=\"height:447px; width:620px\" /></span></span></p>\r\n\r\n<p>Shawn Mendes và Camila Cabelo tuy chưa bao giờ công khai nói yêu nhau nhưng người hâm mộ luôn mong rằng họ sẽ sớm trở thành một cặp. Trong album mới vừa được tung ra, nam ca sĩ đang có ẩn ý mình có tình cảm với cô nàng này&nbsp;</p>\r\n\r\n<p><img alt=\"\" src=\"https://sv1.uphinhnhanh.com/images/2018/06/15/2-15280211121331666685882.jpg\" style=\"height:413px; width:620px\" /></p>', 25, 76, 11, 6, 1, '2018-06-15 11:37:22', '2018-07-12 16:53:07'),
(80, 'Hết hồn với cảnh Valak \"nhảy xổ\" vào con gái nhà người ta trong \"The Nun\"', 'hết cả hồn', '<p>Shawn Mendes và Camila Cabelo tuy chưa bao giờ công khai nói yêu nhau nhưng người hâm mộ luôn mong rằng họ sẽ sớm trở thành một cặp. Trong album mới vừa được tung ra, nam ca sĩ đang có ẩn ý mình có tình cảm với cô nàng này&nbsp;</p>\r\n\r\n<p><img alt=\"\" src=\"https://kenh14cdn.com/thumb_w/620/2018/6/13/photo-1-15289075709321851763090.png\" /></p>\r\n\r\n<p><span style=\"color:rgb(34, 34, 34); font-family:times new roman,georgia,serif; font-size:17px\">Bộ&nbsp;</span><a class=\"VCCTagItemInNews\" href=\"http://kenh14.vn/phim-kinh-di.html\" style=\"margin: 0px; padding: 0px; border: 0px; font-variant-numeric: inherit; font-variant-east-asian: inherit; font-stretch: inherit; font-size: 17px; line-height: inherit; font-family: \" target=\"_blank\" title=\"phim kinh dị\">phim kinh dị</a><span style=\"color:rgb(34, 34, 34); font-family:times new roman,georgia,serif; font-size:17px\">&nbsp;</span><strong><em><a class=\"seo-suggest-link\" href=\"http://kenh14.vn/the-nun-2018.html\" style=\"margin: 0px; padding: 0px; border: 0px; font: inherit; vertical-align: baseline; text-decoration-line: none; box-sizing: border-box;\" target=\"_blank\" title=\"The Nun (2018) \">The Nun</a>&nbsp;(tựa Việt: Ác Quỷ Ma Sơ)</em></strong><span style=\"color:rgb(34, 34, 34); font-family:times new roman,georgia,serif; font-size:17px\">&nbsp;là phần ngoại truyện của loạt&nbsp;</span><a class=\"seo-suggest-link\" href=\"http://kenh14.vn/the-conjuring.html\" style=\"margin: 0px; padding: 0px; border: 0px; font-variant-numeric: inherit; font-variant-east-asian: inherit; font-stretch: inherit; font-size: 17px; line-height: inherit; font-family: \" target=\"_blank\" title=\"the conjuring\">The Conjuring</a><span style=\"color:rgb(34, 34, 34); font-family:times new roman,georgia,serif; font-size:17px\">&nbsp;mới đây đã tung ra trailer gây ám ảnh với trung tâm là câu chuyện tìm về tu viện nguồn cơn của ác quỷ&nbsp;</span><a class=\"seo-suggest-link\" href=\"http://kenh14.vn/valak.html\" style=\"margin: 0px; padding: 0px; border: 0px; font-variant-numeric: inherit; font-variant-east-asian: inherit; font-stretch: inherit; font-size: 17px; line-height: inherit; font-family: \" target=\"_blank\" title=\"Valak \">Valak</a><span style=\"color:rgb(34, 34, 34); font-family:times new roman,georgia,serif; font-size:17px\">&nbsp;từng khiến khán giả chết khiếp trong&nbsp;</span><a class=\"seo-suggest-link\" href=\"http://kenh14.vn/the-conjuring-2-the-enfield-poltergeist.html\" style=\"margin: 0px; padding: 0px; border: 0px; font-variant-numeric: inherit; font-variant-east-asian: inherit; font-stretch: inherit; font-size: 17px; line-height: inherit; font-family: \" target=\"_blank\" title=\"The Conjuring 2: The Enfield Poltergeist \">The Conjuring 2</a><span style=\"color:rgb(34, 34, 34); font-family:times new roman,georgia,serif; font-size:17px\">&nbsp;năm 2016.</span></p>\r\n\r\n<p><span style=\"color:rgb(34, 34, 34); font-family:times new roman,georgia,serif; font-size:17px\"><img alt=\"\" src=\"https://kenh14cdn.com/thumb_w/620/2018/6/13/photo-1-1528907632404687481589-15289076484351777580184.png\" style=\"height:241px; width:620px\" />Teaser dù ngắn ngủi nhưng đã cho thấy sự bí ẩn và nguy hiểm chết người của Valak khi có thể đánh lạc hướng và... vồ lấy&nbsp;</span><a class=\"VCCTagItemInNews\" href=\"http://kenh14.vn/nhan-vat-chinh.html\" style=\"margin: 0px; padding: 0px; border: 0px; font-variant-numeric: inherit; font-variant-east-asian: inherit; font-stretch: inherit; font-size: 17px; line-height: inherit; font-family: \" target=\"_blank\" title=\"nhân vật chính\">nhân vật chính</a><span style=\"color:rgb(34, 34, 34); font-family:times new roman,georgia,serif; font-size:17px\">&nbsp;như vồ mồi. Như chúng ta đã biết thì thực thể có tên là Valak không chỉ xuất hiện ở một hình dạng nhất định, nhưng có lẽ để đối phó với một tu viện nặng về tôn giáo và trà trộn vào nơi đây thì hình dáng một bà sơ là hợp lý nhất.</span></p>', 25, 80, 11, 14, 1, '2018-06-15 14:48:45', '2018-07-10 17:53:40'),
(81, '“Aquaman” cuối cùng cũng chịu tung ảnh quảng bá \"ướt át\" vừa hấp dẫn vừa chất', 'Aquaman xuất hiện', '<p>Shawn Mendes và Camila Cabelo tuy chưa bao giờ công khai nói yêu nhau nhưng người hâm mộ luôn mong rằng họ sẽ sớm trở thành một cặp. Trong album mới vừa được tung ra, nam ca sĩ đang có ẩn ý mình có tình cảm với cô nàng này&nbsp;</p>\r\n\r\n<p><img alt=\"\" src=\"https://kenh14cdn.com/thumb_w/620/2018/6/15/photo-1-15290278509411776515801.jpg\" /></p>\r\n\r\n<h2><strong>Vào ngày 14/6, Warner Bros. đã chính thức công bố những hình ảnh tiếp theo về bom tấn \"Aquaman\", dự án siêu anh hùng duy nhất của hãng trong năm nay sau thất bại đáng quên từ \"Justice League\".</strong></h2>\r\n\r\n<p><strong><img alt=\"\" src=\"https://kenh14cdn.com/thumb_w/620/2018/6/15/photo-3-15290278509672005488063.jpg\" /></strong></p>\r\n\r\n<p><strong><img alt=\"\" src=\"https://kenh14cdn.com/thumb_w/620/2018/6/15/photo-4-1529027850974273784134.jpg\" /></strong></p>', 25, 79, 11, 20, 1, '2018-06-15 17:17:12', '2018-06-15 17:17:12'),
(82, 'Ben Affleck có nguy cơ \"tạch\" vai Batman trong loạt phim The Batman mới vì quá... già', 'tạch tạch tạch', '<p>Shawn Mendes và Camila Cabelo tuy chưa bao giờ công khai nói yêu nhau nhưng người hâm mộ luôn mong rằng họ sẽ sớm trở thành một cặp. Trong album mới vừa được tung ra, nam ca sĩ đang có ẩn ý mình có tình cảm với cô nàng này&nbsp;</p>\r\n\r\n<p><img alt=\"\" src=\"https://kenh14cdn.com/thumb_w/620/2018/6/15/photo-1-15290348855041141889322.jpg\" /></p>\r\n\r\n<p><span style=\"color:rgb(34, 34, 34); font-family:times new roman,georgia,serif; font-size:17px\">Sau ba bộ phim&nbsp;</span><a class=\"seo-suggest-link\" href=\"http://kenh14.vn/batman-v-superman-dawn-of-justice-2016.html\" style=\"margin: 0px; padding: 0px; border: 0px; font-variant-numeric: inherit; font-variant-east-asian: inherit; font-stretch: inherit; font-size: 17px; line-height: inherit; font-family: \" target=\"_blank\" title=\"batman v superman: dawn of justice (2016) \">Batman v Superman: Dawn of Justice</a><span style=\"color:rgb(34, 34, 34); font-family:times new roman,georgia,serif; font-size:17px\">,&nbsp;</span><a class=\"seo-suggest-link\" href=\"http://kenh14.vn/suicide-squad-2016.html\" style=\"margin: 0px; padding: 0px; border: 0px; font-variant-numeric: inherit; font-variant-east-asian: inherit; font-stretch: inherit; font-size: 17px; line-height: inherit; font-family: \" target=\"_blank\" title=\"Suicide Squad (2016) \">Suicide Squad</a><span style=\"color:rgb(34, 34, 34); font-family:times new roman,georgia,serif; font-size:17px\">&nbsp;và&nbsp;</span><a class=\"seo-suggest-link\" href=\"http://kenh14.vn/justice-league-2017.html\" style=\"margin: 0px; padding: 0px; border: 0px; font-variant-numeric: inherit; font-variant-east-asian: inherit; font-stretch: inherit; font-size: 17px; line-height: inherit; font-family: \" target=\"_blank\" title=\"Justice League (2017) \">Justice League</a><span style=\"color:rgb(34, 34, 34); font-family:times new roman,georgia,serif; font-size:17px\">, hình tượng&nbsp;</span><a class=\"seo-suggest-link\" href=\"http://kenh14.vn/batman.html\" style=\"margin: 0px; padding: 0px; border: 0px; font-variant-numeric: inherit; font-variant-east-asian: inherit; font-stretch: inherit; font-size: 17px; line-height: inherit; font-family: \" target=\"_blank\" title=\"batman\">Batman</a><span style=\"color:rgb(34, 34, 34); font-family:times new roman,georgia,serif; font-size:17px\">&nbsp;của tài tử&nbsp;</span><a class=\"seo-suggest-link\" href=\"http://kenh14.vn/ben-affleck.html\" style=\"margin: 0px; padding: 0px; border: 0px; font-variant-numeric: inherit; font-variant-east-asian: inherit; font-stretch: inherit; font-size: 17px; line-height: inherit; font-family: \" target=\"_blank\" title=\"ben affleck\">Ben Affleck</a><span style=\"color:rgb(34, 34, 34); font-family:times new roman,georgia,serif; font-size:17px\">&nbsp;đã nhận được những phản hồi trái ngược. Nhiều khán giả ca ngợi lối diễn của Ben thật sự đã tái hiện được tinh thần, khí chất của Batman trong nguyên tác truyện tranh. Nhưng số khác lại lập luận, biểu cảm khô cứng và gượng gạo của anh khiến cho nhân vật lúc nào cũng trông… vô hồn. Xuất hiện từ năm ngoái, nhưng tin đồn về việc Ben Affleck quá \"dừ\" để tiếp tục cho vai Người Dơi một lần nữa lại dậy sóng sau khi dự án The Batman của Matt Reeves có thêm thông tin mới.</span></p>\r\n\r\n<p><span style=\"color:rgb(34, 34, 34); font-family:times new roman,georgia,serif; font-size:17px\"><img alt=\"\" src=\"https://kenh14cdn.com/thumb_w/620/2018/6/15/photo-1-1529034743878431048915.jpg\" /></span></p>', 25, 81, 11, 11, 1, '2018-06-15 14:48:31', '2018-07-10 17:53:29'),
(83, '\"Incredibles 2\" phải chăng mượn hình ảnh ác nhân để \"bóng gió\" mạng xã hội ngày nay?', 'hoạt hình miêu tả cuộc đời', '<p>Shawn Mendes và Camila Cabelo tuy chưa bao giờ công khai nói yêu nhau nhưng người hâm mộ luôn mong rằng họ sẽ sớm trở thành một cặp. Trong album mới vừa được tung ra, nam ca sĩ đang có ẩn ý mình có tình cảm với cô nàng này&nbsp;</p>\r\n\r\n<p><img alt=\"\" src=\"https://kenh14cdn.com/thumb_w/620/2018/6/14/photo-1-1528971041028152240781.jpg\" /></p>\r\n\r\n<p><span style=\"color:rgb(34, 34, 34); font-family:times new roman,georgia,serif; font-size:17px\">Vậy là bộ phim</span><strong><em>&nbsp;<a class=\"seo-suggest-link\" href=\"http://kenh14.vn/incredibles-2-2018.html\" style=\"margin: 0px; padding: 0px; border: 0px; font: inherit; vertical-align: baseline; text-decoration-line: none; box-sizing: border-box;\" target=\"_blank\" title=\"Incredibles 2 (2018) \">Incredibles 2</a>&nbsp;(Gia Đình Siêu Nhân 2)</em></strong><span style=\"color:rgb(34, 34, 34); font-family:times new roman,georgia,serif; font-size:17px\">&nbsp;đã ra mắt khán giả thế giới. Sau 14 năm, gia đình nhà Incredibles lại quay trở lại để đem đến cho khán giả những giờ phút thoải mái và thư giãn cùng với người thân của mình. Nếu như ở phần 1, Mr. Incredible cùng các thành viên trong gia đình của anh phải đối mặt với Syndrome, gã trùm chuyên sử dụng&nbsp;</span><a class=\"VCCTagItemInNews\" href=\"http://kenh14.vn/cong-nghe-cao.html\" style=\"margin: 0px; padding: 0px; border: 0px; font-variant-numeric: inherit; font-variant-east-asian: inherit; font-stretch: inherit; font-size: 17px; line-height: inherit; font-family: \" target=\"_blank\" title=\"công nghệ cao\">công nghệ cao</a><span style=\"color:rgb(34, 34, 34); font-family:times new roman,georgia,serif; font-size:17px\">&nbsp;để thay thế cho&nbsp;</span><a class=\"VCCTagItemInNews\" href=\"http://kenh14.vn/sieu-nang-luc.html\" style=\"margin: 0px; padding: 0px; border: 0px; font-variant-numeric: inherit; font-variant-east-asian: inherit; font-stretch: inherit; font-size: 17px; line-height: inherit; font-family: \" target=\"_blank\" title=\"siêu năng lực\">siêu năng lực</a><span style=\"color:rgb(34, 34, 34); font-family:times new roman,georgia,serif; font-size:17px\">&nbsp;thì đến phần 2, đạo diễn Brad Bird đem đến một tên tội phạm công nghệ cao khác có biệt danh là Screenslaver. Khác với Syndrome – một kẻ thích sử dụng vũ khí công nghệ để khuất phục đối thủ về mặt thể chất thì Screenslaver thức thời hơn (hoặc nói đúng ra là gần gũi với thế giới của chúng ta hơn). Hắn ta sử dụng công nghệ để thao túng tâm trí người vô tội qua những chiếc màn hình điện tử.</span></p>\r\n\r\n<p><span style=\"color:rgb(34, 34, 34); font-family:times new roman,georgia,serif; font-size:17px\"><img alt=\"\" src=\"https://kenh14cdn.com/thumb_w/620/2018/6/14/photo-1-15289710433671842972628.jpg\" /></span></p>', 25, 82, 11, 6, 1, '2018-06-15 17:55:10', '2018-06-15 17:55:10'),
(84, 'Sau 2 tiếng phát hành, cơn bão Black Pink chính thức cuốn bay toàn bộ BXH Kpop!', 'phát hành rồi', '<p>Shawn Mendes và Camila Cabelo tuy chưa bao giờ công khai nói yêu nhau nhưng người hâm mộ luôn mong rằng họ sẽ sớm trở thành một cặp. Trong album mới vừa được tung ra, nam ca sĩ đang có ẩn ý mình có tình cảm với cô nàng này&nbsp;</p>\r\n\r\n<p><img alt=\"\" src=\"https://kenh14cdn.com/thumb_w/620/2018/6/15/photo-1-15290643500651431839007.jpg\" style=\"height:381px; width:620px\" /></p>\r\n\r\n<p>&nbsp;</p>\r\n\r\n<p><span style=\"color:rgb(34, 34, 34); font-family:times new roman,georgia,serif; font-size:17px\">Chiều tối 15/6, MV được trông đợi nhất thời gian qua \"DDU-DU DDU-DU\" của Black Pink đã chính thức được lên sóng. Đúng như dự đoán của người hâm mộ, giai điệu cực gây nghiện được sáng tạo bởi nhà tạo hit Teddy đã đưa Black Pink lên ngôi cao nhất của các BXH Kpop chỉ sau 2 tiếng phát hành.</span></p>\r\n\r\n<p><span style=\"color:rgb(34, 34, 34); font-family:times new roman,georgia,serif; font-size:17px\"><img alt=\"\" src=\"https://kenh14cdn.com/thumb_w/620/2018/6/15/photo-1-1529064353943852069398.jpg\" style=\"height:985px; width:620px\" /></span></p>', 15, 83, 14, 16, 1, '2018-06-15 17:21:13', '2018-06-18 02:27:33'),
(85, 'Sức khỏe của những nạn nhân bị cây đổ đè trúng ở Hà Nội giờ ra sao?', 'cây đổi vào người', '<p>Shawn Mendes và Camila Cabelo tuy chưa bao giờ công khai nói yêu nhau nhưng người hâm mộ luôn mong rằng họ sẽ sớm trở thành một cặp. Trong album mới vừa được tung ra, nam ca sĩ đang có ẩn ý mình có tình cảm với cô nàng này&nbsp;</p>\r\n\r\n<p><img alt=\"\" src=\"https://kenh14cdn.com/thumb_w/620/2018/6/15/photo-1-1529069969903419208950.jpg\" style=\"height:465px; width:620px\" /></p>\r\n\r\n<p><span style=\"color:rgb(34, 34, 34); font-family:times new roman,georgia,serif; font-size:17px\">Chiều 15/6, đại diện Bệnh viện Việt Đức thông tin, khoảng 19h tối qua (14/6), bệnh viện tiếp nhận 3 trường hợp bệnh nhân bị chấn thương do cây đổ đè trúng, đây là những nạn nhận bị thương trong vụ cây đổ xảy ra tại phố Quán Sứ (quận Hoàn Kiếm, Hà Nội) chiều cùng ngày</span></p>\r\n\r\n<p><span style=\"color:rgb(34, 34, 34); font-family:times new roman,georgia,serif; font-size:17px\"><img alt=\"\" src=\"http://media.kinhtedothi.vn/497/2018/6/15/skhoe.jpg\" style=\"height:405px; width:700px\" /></span></p>', 15, 84, 17, 17, 1, '2018-06-15 17:53:51', '2018-07-05 02:30:44'),
(86, 'Người yêu Wonder Woman \"đội mồ sống dậy\" ở phần tiếp theo mang tiêu đề WW1984?', 'phần tiếp theo', '<p>Shawn Mendes và Camila Cabelo tuy chưa bao giờ công khai nói yêu nhau nhưng người hâm mộ luôn mong rằng họ sẽ sớm trở thành một cặp. Trong album mới vừa được tung ra, nam ca sĩ đang có ẩn ý mình có tình cảm với cô nàng này&nbsp;</p>\r\n\r\n<p><img alt=\"\" src=\"https://kenh14cdn.com/thumb_w/620/2018/6/14/photo-1-1528911227790219988376.jpg\" /><img alt=\"\" src=\"https://kenh14cdn.com/thumb_w/620/2018/6/14/photo-1-1528911227790219988376.jpg\" style=\"height:413px; width:620px\" /></p>\r\n\r\n<p><span style=\"color:rgb(34, 34, 34); font-family:times new roman,georgia,serif; font-size:17px\">Wonder Woman 2 là phần hậu truyện của&nbsp;</span><a class=\"seo-suggest-link\" href=\"http://kenh14.vn/wonder-woman-2017.html\" style=\"margin: 0px; padding: 0px; border: 0px; font-variant-numeric: inherit; font-variant-east-asian: inherit; font-stretch: inherit; font-size: 17px; line-height: inherit; font-family: \" target=\"_blank\" title=\"Wonder Woman (2017) \">Wonder Woman</a><span style=\"color:rgb(34, 34, 34); font-family:times new roman,georgia,serif; font-size:17px\">&nbsp;từng rất thành công năm 2017 mới đây đã được xác nhận có tên chính thức là&nbsp;</span><strong><em><a class=\"seo-suggest-link\" href=\"http://kenh14.vn/wonder-woman-1984-2019.html\" style=\"margin: 0px; padding: 0px; border: 0px; font: inherit; vertical-align: baseline; text-decoration-line: none; box-sizing: border-box;\" target=\"_blank\" title=\"Wonder Woman 1984 (2019) \">Wonder Woman 1984</a></em></strong><span style=\"color:rgb(34, 34, 34); font-family:times new roman,georgia,serif; font-size:17px\">. Quan trọng hơn, một nhân vật trong phim được đạo diễn Patty Jenkins chào đón sự quay trở lại đầy bất ngờ là Steve Trevor trong một bức ảnh chỉn chu</span></p>\r\n\r\n<p><span style=\"color:rgb(34, 34, 34); font-family:times new roman,georgia,serif; font-size:17px\"><img alt=\"\" src=\"https://kenh14cdn.com/thumb_w/620/2018/6/14/photo-1-1528943522648913753.jpeg\" style=\"height:341px; width:620px\" /></span></p>\r\n\r\n<p><span style=\"color:rgb(34, 34, 34); font-family:times new roman,georgia,serif; font-size:17px\">Ngoài bức ảnh và dòng tweet gọn gàng trên, không có thêm một&nbsp;</span><a class=\"VCCTagItemInNews\" href=\"http://kenh14.vn/loi-giai-thich.html\" style=\"margin: 0px; padding: 0px; border: 0px; font-variant-numeric: inherit; font-variant-east-asian: inherit; font-stretch: inherit; font-size: 17px; line-height: inherit; font-family: \" target=\"_blank\" title=\"lời giải thích\">lời giải thích</a><span style=\"color:rgb(34, 34, 34); font-family:times new roman,georgia,serif; font-size:17px\">&nbsp;nào bên lề khiến mọi chuyện càng trở nên khó hiểu. Mốc thời gian 1984 đánh dấu sự kiện gì? Có thật trong ảnh là Steve Trevor hay không? Tại sao anh ta còn sống?</span></p>', 15, 85, 11, 8, 1, '2018-06-15 17:56:28', '2018-06-24 14:03:55'),
(87, 'Có đến cả chục \"trứng khủng long” trong \"Jurassic World: Fallen Kingdom\"?', 'easter eggs', '<p>Shawn Mendes và Camila Cabelo tuy chưa bao giờ công khai nói yêu nhau nhưng người hâm mộ luôn mong rằng họ sẽ sớm trở thành một cặp. Trong album mới vừa được tung ra, nam ca sĩ đang có ẩn ý mình có tình cảm với cô nàng này&nbsp;</p>\r\n\r\n<p><img alt=\"\" src=\"https://kenh14cdn.com/thumb_w/620/2018/6/14/photo-1-152895414012868082738.jpg\" style=\"height:413px; width:620px\" /></p>\r\n\r\n<p>Dù không trực tiếp gợi nhắc quá nhiều về Jurassic Park như phần đầu tiên ra mắt vào năm 2015, \"Jurassic World: Fallen Kingdom\" vẫn cài cắm rất nhiều easter eggs (trứng phục sinh - các chi tiết ẩn) dành cho fan ruột của loạt phim hồi sinh khủng long này.</p>\r\n\r\n<p><strong><img alt=\"\" src=\"https://kenh14cdn.com/thumb_w/620/2018/6/14/photo-1-1528954141567416178160.jpg\" style=\"height:349px; width:620px\" /></strong></p>\r\n\r\n<p>&nbsp;</p>', 15, 86, 11, 45, 1, '2018-06-16 12:50:22', '2018-07-05 02:37:32'),
(88, '\"Hút máu\" người dùng chán chê, Apple lấn sân đến mảng phim hoạt hình', 'apple hoạt hình', '<p>Shawn Mendes và Camila Cabelo tuy chưa bao giờ công khai nói yêu nhau nhưng người hâm mộ luôn mong rằng họ sẽ sớm trở thành một cặp. Trong album mới vừa được tung ra, nam ca sĩ đang có ẩn ý mình có tình cảm với cô nàng này&nbsp;</p>\r\n\r\n<p style=\"text-align:center\"><img alt=\"\" src=\"https://kenh14cdn.com/2018/6/15/photo-1-15290526908621151796169.png\" style=\"height:341px; width:600px\" /></p>\r\n\r\n<p style=\"text-align:center\"><span style=\"color:rgb(34, 34, 34); font-family:times new roman,georgia,serif; font-size:17px\">Hãng&nbsp;</span><strong><a class=\"seo-suggest-link\" href=\"http://kenh14.vn/apple.html\" style=\"margin: 0px; padding: 0px; border: 0px; font: inherit; vertical-align: baseline; text-decoration-line: none; box-sizing: border-box;\" target=\"_blank\" title=\"apple\">Apple</a>&nbsp;</strong><span style=\"color:rgb(34, 34, 34); font-family:times new roman,georgia,serif; font-size:17px\">có lẽ đã tìm được cho mình một thị trường mới để khai thác là&nbsp;</span><a class=\"VCCTagItemInNews\" href=\"http://kenh14.vn/phim-dien-anh.html\" style=\"margin: 0px; padding: 0px; border: 0px; font-variant-numeric: inherit; font-variant-east-asian: inherit; font-stretch: inherit; font-size: 17px; line-height: inherit; font-family: \" target=\"_blank\" title=\"phim điện ảnh\">phim điện ảnh</a><span style=\"color:rgb(34, 34, 34); font-family:times new roman,georgia,serif; font-size:17px\">. Theo Bloomberg, công ty công nghệ này đang thảo luận với studio hoạt hình&nbsp;</span><span style=\"color:rgb(34, 34, 34); font-family:times new roman,georgia,serif; font-size:17px\">Cartoon Saloon để có thể có được quyền sản xuất một&nbsp;<a class=\"VCCTagItemInNews\" href=\"http://kenh14.vn/phim-hoat-hinh.html\" style=\"margin: 0px; padding: 0px; border: 0px; font: inherit; vertical-align: baseline; text-decoration-line: none; box-sizing: border-box;\" target=\"_blank\" title=\"phim hoạt hình\">phim hoạt hình</a>&nbsp;trong thời gian sắp tới. Được biết, Cartoon Saloon là studio Ireland cho ra đời những hoạt hình chất lượng thậm chí giành được đề cử&nbsp;<a class=\"seo-suggest-link\" href=\"http://kenh14.vn/oscar.html\" style=\"margin: 0px; padding: 0px; border: 0px; font: inherit; vertical-align: baseline; text-decoration-line: none; box-sizing: border-box;\" target=\"_blank\" title=\"oscar\">Oscar</a>&nbsp;như&nbsp;</span><span style=\"color:rgb(34, 34, 34); font-family:times new roman,georgia,serif; font-size:17px\">The Secret of Kells, Song of the Sea hay The Breadwinner.</span></p>\r\n\r\n<p style=\"text-align:center\"><span style=\"color:rgb(34, 34, 34); font-family:times new roman,georgia,serif; font-size:17px\"><img alt=\"\" src=\"https://kenh14cdn.com/2018/6/15/the-breadwinner-parvana-cropped-1529053302803366201035.jpg\" style=\"height:338px; width:600px\" /></span></p>', 17, 87, 13, 10, 1, '2018-06-16 04:12:06', '2018-07-10 17:51:07'),
(90, 'Cả đoàn phim \"Ocean\'s 8\" phải ngừng quay để Anne Hathaway... cho con bú', 'anne hathaway', '<p>Shawn Mendes và Camila Cabelo tuy chưa bao giờ công khai nói yêu nhau nhưng người hâm mộ luôn mong rằng họ sẽ sớm trở thành một cặp. Trong album mới vừa được tung ra, nam ca sĩ đang có ẩn ý mình có tình cảm với cô nàng này&nbsp;</p>\r\n\r\n<p style=\"text-align:center\"><img alt=\"\" src=\"https://kenh14cdn.com/2018/6/15/photo-1-15290418297841198802861.jpg\" style=\"height:315px; width:600px\" /></p>\r\n\r\n<p style=\"text-align:center\"><em><strong><a class=\"seo-suggest-link\" href=\"http://kenh14.vn/oceans-8-2018.html\" style=\"margin: 0px; padding: 0px; border: 0px; font: inherit; vertical-align: baseline; text-decoration-line: none; box-sizing: border-box;\" target=\"_blank\" title=\"Ocean\'s 8 (2018) \">Ocean\'s 8</a>&nbsp;(Băng Cướp Thế Kỷ:&nbsp;</strong><span style=\"color:rgb(34, 34, 34); font-family:times new roman,georgia,serif; font-size:17px\"><strong>Đẳng Cấp Quý Cô)</strong>&nbsp;không chỉ hấp dẫn khán giả bằng toán cướp chị đại xinh đẹp mà ngay cả \"nạn nhân\" của họ cũng là một Anne Hathaway nhan sắc nghiêng nước nghiêng thành. Một câu chuyện hậu trường được lan truyền gần đây từ chính lời kể của&nbsp;<a class=\"VCCTagItemInNews\" href=\"http://kenh14.vn/nu-dien-vien.html\" style=\"margin: 0px; padding: 0px; border: 0px; font: inherit; vertical-align: baseline; text-decoration-line: none; box-sizing: border-box;\" target=\"_blank\" title=\"nữ diễn viên\">nữ diễn viên</a>&nbsp;rằng trong quá trình thực hiện Ocean\'s 8, các diễn viên đã yêu cầu dừng quay để cô cho con bú.</span></em></p>\r\n\r\n<p style=\"text-align:center\"><em><span style=\"color:rgb(34, 34, 34); font-family:times new roman,georgia,serif; font-size:17px\"><img alt=\"\" src=\"https://kenh14cdn.com/2018/6/15/photo-1-1529041996606313609201.jpg\" style=\"height:400px; width:600px\" /></span></em></p>\r\n\r\n<p style=\"text-align:center\">&nbsp;</p>\r\n\r\n<p>Hathaway cũng chỉ ra tất cả mọi người đều xứng đáng được trợ giúp như vậy, dù là bất cứ nơi đâu hay làm việc với ai. Hội chị em dù đi cướp dây chuyền của cô nàng Hathaway nhưng vẫn rất tử tế chia sẻ các bí quyết chăm con và làm mẹ, ví dụ như trang trí Halloween cho tụi nhỏ như thế nào. Rõ ràng so với phiên bản các quý ông thì Ocean\'s 8 tạo được mối liên kết bền chặt sau màn ảnh hơn hẳn.&nbsp;</p>\r\n\r\n<div>&nbsp;</div>\r\n\r\n<div id=\"admzone474524\" style=\"margin: 0px; padding: 0px; border: 0px; font-variant-numeric: inherit; font-variant-east-asian: inherit; font-stretch: inherit; font-size: 17px; line-height: inherit; font-family: \">&nbsp;</div>', 17, 88, 13, 19, 1, '2018-06-16 04:12:00', '2018-07-10 17:51:04'),
(91, 'Sao nhí của \"Stranger Things\" là nạn nhân kế tiếp của trò bắt nạt trên mạng', 'stranger things', '<p style=\"text-align:center\">Shawn Mendes và Camila Cabelo tuy chưa bao giờ công khai nói yêu nhau nhưng người hâm mộ luôn mong rằng họ sẽ sớm trở thành một cặp. Trong album mới vừa được tung ra, nam ca sĩ đang có ẩn ý mình có tình cảm với cô nàng này&nbsp;</p>\r\n\r\n<p><img alt=\"\" src=\"https://kenh14cdn.com/2018/6/14/photo-1-15289806531151341661340.jpg\" style=\"height:360px; width:600px\" /></p>\r\n\r\n<p><span style=\"color:rgb(34, 34, 34); font-family:times new roman,georgia,serif; font-size:17px\">Mới đây,&nbsp;</span><a class=\"seo-suggest-link\" href=\"http://kenh14.vn/millie-bobby-brown.html\" style=\"margin: 0px; padding: 0px; border: 0px; font-variant-numeric: inherit; font-variant-east-asian: inherit; font-stretch: inherit; font-size: 17px; line-height: inherit; font-family: \" target=\"_blank\" title=\"millie bobby brown\">Millie Bobby Brown</a><span style=\"color:rgb(34, 34, 34); font-family:times new roman,georgia,serif; font-size:17px\">&nbsp;đã quyết định xóa tài khoản Twitter sau khi trở thành \"mục tiêu\" của những lời công kích bạo lực và phân biệt giới tính. Điều đáng nói là cô nhóc này chỉ mới 14 tuổi.</span></p>\r\n\r\n<p><span style=\"color:rgb(34, 34, 34); font-family:times new roman,georgia,serif; font-size:17px\"><img alt=\"\" src=\"https://kenh14cdn.com/2018/6/14/photo-1-15289806553931252401597.jpg\" style=\"height:314px; width:600px\" /></span></p>\r\n\r\n<p><span style=\"color:rgb(34, 34, 34); font-family:times new roman,georgia,serif; font-size:17px\"><img alt=\"\" src=\"https://kenh14cdn.com/2018/6/14/photo-2-15289806553961160493908.jpg\" style=\"height:621px; width:600px\" /></span></p>\r\n\r\n<p>&nbsp;</p>', 17, 89, 13, 17, 1, '2018-06-16 04:11:54', '2018-06-21 13:56:23'),
(92, 'Phim ngắn về em bé bánh bao bảo bối: Đáng yêu lắm, mà đáng sợ cũng có thừa!', 'bánh bao đáng yêu', '<p>Shawn Mendes và Camila Cabelo tuy chưa bao giờ công khai nói yêu nhau nhưng người hâm mộ luôn mong rằng họ sẽ sớm trở thành một cặp. Trong album mới vừa được tung ra, nam ca sĩ đang có ẩn ý mình có tình cảm với cô nàng này&nbsp;</p>\r\n\r\n<p>&nbsp;</p>\r\n\r\n<p style=\"text-align:center\"><img alt=\"\" src=\"https://kenh14cdn.com/thumb_w/620/2018/6/12/photo-1-15287992476351337604755.jpg\" style=\"height:413px; width:620px\" /><img alt=\"\" src=\"https://kenh14cdn.com/thumb_w/620/2018/6/12/photo-1-15287992788651749074954.jpg\" style=\"height:479px; width:620px\" /></p>\r\n\r\n<p><strong>[Cảnh báo: Bài viết tiết lộ trước nội dung phim]</strong></p>\r\n\r\n<p><strong>Được thực hiện bởi Pixar dưới bàn tay đạo diễn của Domee Shi,&nbsp;<em><a class=\"seo-suggest-link\" href=\"http://kenh14.vn/bao-pixar-2018.html\" style=\"margin: 0px; padding: 0px; border: 0px; font: inherit; vertical-align: baseline; text-decoration-line: none; box-sizing: border-box;\" target=\"_blank\" title=\"BAO (Pixar, 2018) \">Bao</a>&nbsp;(tựa Việt: Bảo)</em>là bộ&nbsp;<a class=\"VCCTagItemInNews\" href=\"http://kenh14.vn/phim-hoat-hinh.html\" style=\"margin: 0px; padding: 0px; border: 0px; font: inherit; vertical-align: baseline; text-decoration-line: none; box-sizing: border-box;\" target=\"_blank\" title=\"phim hoạt hình\">phim hoạt hình</a>&nbsp;ngắn với thời lượng 7 phút được chiếu trước tác phẩm&nbsp;<a class=\"seo-suggest-link\" href=\"http://kenh14.vn/incredibles-2-2018.html\" style=\"margin: 0px; padding: 0px; border: 0px; font: inherit; vertical-align: baseline; text-decoration-line: none; box-sizing: border-box;\" target=\"_blank\" title=\"Incredibles 2 (2018) \">Incredibles 2</a>&nbsp;(Gia Đình Siêu Nhân 2) như một truyền thống của hãng này. Với nội dung xoay quanh câu chuyện một em bé bánh bao, Bảo khiến người xem đi từ cảm giác thích thú cho tới cảm động và thậm chí là giật mình sợ hãi vì những tình tiết khó lường.</strong></p>', 17, 90, 13, 32, 1, '2018-06-17 06:24:53', '2018-07-10 17:50:56'),
(93, 'Thanh Hà hát lại ca khúc \"tạm biệt tình cũ của Bảo Anh\" với màu sắc day dứt, từng trải', 'Thanh Hà hát bh', '<p style=\"text-align:center\">Shawn Mendes và Camila Cabelo tuy chưa bao giờ công khai nói yêu nhau nhưng người hâm mộ luôn mong rằng họ sẽ sớm trở thành một cặp. Trong album mới vừa được tung ra, nam ca sĩ đang có ẩn ý mình có tình cảm với cô nàng này&nbsp;</p>\r\n\r\n<p style=\"text-align:center\">&nbsp;</p>\r\n\r\n<p style=\"text-align:center\"><img alt=\"\" src=\"https://kenh14cdn.com/thumb_w/620/2018/6/14/anh-chup-man-hinh-2018-06-14-luc-105216-1528948476983721384814.png\" /></p>\r\n\r\n<p style=\"text-align:center\"><span style=\"color:rgb(34, 34, 34); font-family:times new roman,georgia,serif; font-size:17px\">Trên trang facebook cá nhân, ca sĩ Thanh Hà đã chia sẻ clip cover hit mới của Bảo Anh mang tên \"Ai khóc nỗi đau này\" theo phong cách Acoustic mộc mạc, tình cảm. Người đệm đàn guitar cho nữ ca sĩ trong clip này chính là Roland - vị hôn phu kém Thanh Hà 12 tuổi. Kèm theo đó, cô cũng không quên gửi lời cảm ơn tới nhạc sĩ Đức Trí và Bảo Anh đã ủng hộ, cho phép cover ca khúc với giai điệu và ca từ đẹp này.&nbsp;</span></p>\r\n\r\n<p style=\"text-align:center\"><img alt=\"\" src=\"https://kenh14cdn.com/thumb_w/620/2018/6/14/anh-chup-man-hinh-2018-06-14-luc-103057-15289471255901481137494.png\" style=\"height:326px; width:620px\" /></p>', 26, 91, 15, 3, 1, '2018-06-16 04:23:19', '2018-06-24 05:59:58'),
(94, 'Monstar tung MV kể chuyện về những người cố chấp níu kéo tình yêu đã hết', 'tung mv mới', '<p style=\"text-align:center\">Shawn Mendes và Camila Cabelo tuy chưa bao giờ công khai nói yêu nhau nhưng người hâm mộ luôn mong rằng họ sẽ sớm trở thành một cặp. Trong album mới vừa được tung ra, nam ca sĩ đang có ẩn ý mình có tình cảm với cô nàng này&nbsp;</p>\r\n\r\n<p style=\"text-align:center\"><img alt=\"\" src=\"https://kenh14cdn.com/thumb_w/620/2018/6/11/img9031-1528732539134248941474.jpg\" /></p>\r\n\r\n<p style=\"text-align:center\"><span style=\"color:rgb(34, 34, 34); font-family:times new roman,georgia,serif; font-size:17px\">Tối 11/6, Monstar chính thức ra mắt MV \"Giữ lấy làm gì\". Đây là sản phẩm âm nhạc đặc biệt vừa đánh dấu sự trở lại của Monstar trên đường đua Vpop, đồng thời giới thiệu đội hình mới với thành viên thứ 4 là anh chàng J - Phạm Tiến Đạt bên cạnh Key, Nicky, Grey-D.</span></p>\r\n\r\n<p style=\"text-align:center\"><span style=\"color:rgb(34, 34, 34); font-family:times new roman,georgia,serif; font-size:17px\"><img alt=\"\" src=\"https://kenh14cdn.com/thumb_w/620/2018/6/11/img9015-15287325391321387658718.jpg\" style=\"height:413px; width:620px\" /></span></p>\r\n\r\n<p style=\"text-align:center\">&nbsp;</p>', 26, 92, 15, 8, 1, '2018-06-17 09:13:21', '2018-06-24 05:59:57'),
(95, 'Billboard 200: Xtina là nữ nghệ sĩ solo bán album chạy nhất tuần, vợ chồng Beyoncé hụt mất #1', 'billboard 200', '<p style=\"text-align:center\">Shawn Mendes và Camila Cabelo tuy chưa bao giờ công khai nói yêu nhau nhưng người hâm mộ luôn mong rằng họ sẽ sớm trở thành một cặp. Trong album mới vừa được tung ra, nam ca sĩ đang có ẩn ý mình có tình cảm với cô nàng này&nbsp;</p>\r\n\r\n<p style=\"text-align:center\"><img alt=\"\" src=\"https://kenh14cdn.com/2018/6/25/5-seconds-of-summer-press-photo-03-2018-billboard-1548-15299088134191586618904.jpg\" style=\"height:421px; width:636px\" /></p>\r\n\r\n<p><span style=\"color:rgb(34, 34, 34); font-family:times new roman,georgia,serif; font-size:17px\">\"Youngblood\" của&nbsp;5 Seconds of Summer đứng đầu Billboard 200 với 142.000 đơn vị tương đương album, trong đó có 117.000 là doanh số album truyền thống. Hai album trước của ban nhạc là \"Sounds Good Feels Good\" (2015) và \"5 Seconds of Summer\" (2014) cũng từng đứng #1 Billboard 200. Với thành tích này,&nbsp;5 Seconds of Summer lập kỷ lục là nghệ sĩ Úc đầu tiên có 3 album đứng đầu Billboard 200.</span></p>\r\n\r\n<p><span style=\"color:rgb(34, 34, 34); font-family:times new roman,georgia,serif; font-size:17px\"><img alt=\"\" src=\"https://kenh14cdn.com/2018/6/25/christina-aguilera-makeup-liberation-tour-promos-1529908846163359004053.jpg\" style=\"height:400px; width:600px\" /></span></p>\r\n\r\n<p>&nbsp;</p>', 15, 94, 16, 0, 1, '2018-06-27 12:35:14', '2018-06-27 12:41:43'),
(96, 'Đây là ngôi sao được stream nhạc nhiều nhất thế giới hiện nay trên Spotify!', 'Ngôi sao steam Spotify', '<p style=\"text-align:center\">Shawn Mendes và Camila Cabelo tuy chưa bao giờ công khai nói yêu nhau nhưng người hâm mộ luôn mong rằng họ sẽ sớm trở thành một cặp. Trong album mới vừa được tung ra, nam ca sĩ đang có ẩn ý mình có tình cảm với cô nàng này&nbsp;</p>\r\n\r\n<p>&nbsp;</p>\r\n\r\n<p><img alt=\"\" src=\"https://kenh14cdn.com/2018/6/26/j-balvin-press-photo-2018-billboard-1548-1529996176023338642088.jpg\" style=\"height:397px; width:600px\" /></p>\r\n\r\n<p>Mùa hè năm ngoái, single&nbsp;\"Mi Gente\" của Balvin đã trở thành bài hát Latin&nbsp;100% bằng tiếng Tây Ban Nha đầu tiên đứng đầu bảng xếp hạng&nbsp;Global Top 50 của Spotify. MV \"Mi Gente\" hiện đã có hơn 1,8 tỷ lượt xem trên YouTube.</p>\r\n\r\n<p>Riêng single gần đây \"X\" của J Balvin hợp tác với Nicky Jam thì đến nay đã nhận 327 triệu lượt stream. Còn trên YouTube, MV \"X\" cũng đã có gần 1 tỷ lượt xem sau hơn 3 tháng ra mắt</p>', 15, 93, 16, 0, 1, '2018-06-27 12:40:14', '2018-06-27 12:40:18'),
(97, 'Taylor Swift gom trọn 90.000 fan và sắp \"cháy vé\" đêm thứ 2 ở London', 'Taylor ở London', '<p style=\"text-align:center\">Shawn Mendes và Camila Cabelo tuy chưa bao giờ công khai nói yêu nhau nhưng người hâm mộ luôn mong rằng họ sẽ sớm trở thành một cặp. Trong album mới vừa được tung ra, nam ca sĩ đang có ẩn ý mình có tình cảm với cô nàng này&nbsp;</p>\r\n\r\n<p style=\"text-align:center\"><img alt=\"\" src=\"https://kenh14cdn.com/2018/6/23/screen-shot-2018-06-23-at-141107-1529737984938193739837.png\" style=\"height:400px; width:600px\" /></p>\r\n\r\n<p style=\"text-align:center\"><span style=\"background-color:rgb(242, 242, 242); color:rgb(102, 102, 102); font-family:sfd-medium; font-size:14px\">Taylor hào hứng chia sẻ cảm xúc đứng giữa sân khấu phủ kín khán giả: \"Tôi sẽ không bao giờ quên London bây giờ, khi điều này đã xảy ra ngay giữa show diễn đầu tiên của tôi tại SVĐ Wembley. Tôi yêu các bạn\".</span></p>\r\n\r\n<p style=\"text-align:center\"><span style=\"background-color:rgb(242, 242, 242); color:rgb(102, 102, 102); font-family:sfd-medium; font-size:14px\"><img alt=\"\" src=\"https://kenh14cdn.com/2018/6/23/taylor-swift-niall-horan-reputation-tour-01-152973837412158560335.jpg\" style=\"height:402px; width:600px\" /></span></p>\r\n\r\n<p style=\"text-align:center\"><span style=\"background-color:rgb(242, 242, 242); color:rgb(102, 102, 102); font-family:sfd-medium; font-size:14px\">Khán giả nơi đây còn được chiêu đãi bằng sự xuất hiện đặc biệt của Niall Horan, song ca cùng nữ chủ nhân đêm nhạc.</span></p>', 15, 96, 16, 1, 1, '2018-06-27 12:49:15', '2018-06-27 12:50:02'),
(98, 'Robbie Williams bất ngờ song ca cùng Taylor Swift sau scandal giơ ngón giữa ở World Cup', 'Ngón tay giữa', '<p style=\"text-align:center\">Shawn Mendes và Camila Cabelo tuy chưa bao giờ công khai nói yêu nhau nhưng người hâm mộ luôn mong rằng họ sẽ sớm trở thành một cặp. Trong album mới vừa được tung ra, nam ca sĩ đang có ẩn ý mình có tình cảm với cô nàng này&nbsp;</p>\r\n\r\n<p style=\"text-align:center\"><img alt=\"\" src=\"https://kenh14cdn.com/2018/6/24/4d91fb0a00000578-0-image-m-361529793980425-15298212587011241910830.jpg\" style=\"height:818px; width:634px\" /></p>\r\n\r\n<p style=\"text-align:center\"><span style=\"color:rgb(34, 34, 34); font-family:times new roman,georgia,serif; font-size:17px\">Các fan bày tỏ sự ngỡ ngàng trên Twitter về sự xuất hiện bất ngờ của Robbie: \"Taylor Swift hát cùng Robbie Williams tại sân vận động Wembley vừa nãy là tất cả những gì tôi muốn từ một show diễn\", \"Tôi vẫn không thể tin cô ấy mời Robbie lên sân khấu luôn, thật quá bất ngờ!\".</span></p>\r\n\r\n<p style=\"text-align:center\"><span style=\"color:rgb(34, 34, 34); font-family:times new roman,georgia,serif; font-size:17px\"><img alt=\"\" src=\"https://kenh14cdn.com/2018/6/24/4d91f4c200000578-5878537-image-m-441529794623287-15298212732301273599861.jpg\" style=\"height:419px; width:634px\" /></span></p>', 15, 95, 16, 2, 1, '2018-06-27 12:54:25', '2018-06-27 12:55:03'),
(99, 'Bạn có nhớ ngày này 2 năm trước, 365 đã cho ra đời MV view khủng nhất Vpop hiện tại?', 'MV view khủng', '<p style=\"text-align:center\">Shawn Mendes và Camila Cabelo tuy chưa bao giờ công khai nói yêu nhau nhưng người hâm mộ luôn mong rằng họ sẽ sớm trở thành một cặp. Trong album mới vừa được tung ra, nam ca sĩ đang có ẩn ý mình có tình cảm với cô nàng này&nbsp;</p>\r\n\r\n<p style=\"text-align:center\"><img alt=\"\" src=\"https://kenh14cdn.com/2018/6/27/365-15300904041541507525319.png\" style=\"height:401px; width:600px\" /></p>\r\n\r\n<p>Vào ngày này 2 năm trước (27/6/2016), hit \"Bống bống bang bang\" chính thức lên sóng và ngay lập tức chiếm trọn trái tim khán giả, từ già trẻ lớn bé và đặc biệt các \"bà mẹ bỉm sữa\", trẻ em vô cùng thích thú với ca khúc thiếu nhi này.</p>\r\n\r\n<p>Nhân dịp 2 năm ra đời của OST \"Tấm Cám: Chuyện chưa kể\", 365daband đã chia sẻ niềm vui này đến người hâm mộ trên trang fanpage của mình. Nhóm&nbsp;chia sẻ: \"Chúc mừng và cảm ơn ca khúc đã luôn đồng hành cùng mọi người, từ bé nhỏ cho đến phụ huynh, từ học sinh cho đến người lớn. Hy vọng ca khúc này sẽ tiếp tục được mọi người nghe\".</p>\r\n\r\n<p><img alt=\"\" src=\"https://kenh14cdn.com/2018/6/27/365-a-15300906007411978329587.jpg\" style=\"height:338px; width:600px\" /></p>', 15, 97, 15, 0, 1, '2018-06-27 13:01:11', '2018-06-27 13:03:20'),
(100, 'Sơn Tùng M-TP bất ngờ đổi ảnh đại diện, fan xôn xao sắp tung sản phẩm mới', 'sản phẩm mới', '<p style=\"text-align:center\">Shawn Mendes và Camila Cabelo tuy chưa bao giờ công khai nói yêu nhau nhưng người hâm mộ luôn mong rằng họ sẽ sớm trở thành một cặp. Trong album mới vừa được tung ra, nam ca sĩ đang có ẩn ý mình có tình cảm với cô nàng này&nbsp;</p>\r\n\r\n<p>&nbsp;</p>\r\n\r\n<p><img alt=\"\" src=\"https://kenh14cdn.com/2018/6/26/a-15300321076161599704672.jpg\" style=\"height:600px; width:600px\" /></p>\r\n\r\n<p>Tấm ảnh mang tông màu chủ đạo đỏ và đen - concept ảnh poster của dự án \"Chạy Ngay Đi\" vừa qua. Điều này khiến người hâm mộ vô cùng thích thú, đưa ra nhiều đồn đoán xung quanh.&nbsp;</p>\r\n\r\n<p>Có ý kiến cho rằng đây sẽ là tấm hình mở màn cho việc quảng bá bản remix ca khúc \"Chạy ngay đi\". Bởi trước đó, trên trang instagram cá nhân, anh từng&nbsp;quay story ghi lại một đoạn ngắn phiên bản mới của bản hit này với&nbsp;màu sắc mới với nhịp điệu chậm hơn so với bản gốc một chút chút.&nbsp;</p>\r\n\r\n<p>Có người đoán đây sẽ là gợi ý cho một điều đặc biệt gì đó hoàn toàn mới mà nam ca sĩ đang dần hé lộ.</p>', 15, 98, 15, 1, 1, '2018-06-27 13:02:12', '2018-07-07 13:17:27'),
(101, 'Những tấm biển hiệu \"chất như nước cất\" nhìn một lần ấn tượng không bao giờ quên', 'chất chơi quá', '<p>Đêm ngày 20/5 tại lễ trao giải Billboard Music Award 2018, đã quy tụ dàn khách mời khủng như Taylor Swift, Luis Fonsi, Khalid,... nhưng đặc sắc hơn cả là màn trình diễn của các ngôi sao quốc tế</p>\r\n\r\n<p><img alt=\"\" src=\"https://kenh14cdn.com/2018/6/26/3613719921149350654341563615831871562186752n-1530000823904930165882.jpg\" style=\"height:400px; width:600px\" /></p>\r\n\r\n<p><img alt=\"\" src=\"https://kenh14cdn.com/2018/6/26/3617646521149350487674915808978297593266176n-1530000823908824938958-1530000927492252644640.png\" style=\"height:400px; width:600px\" /></p>\r\n\r\n<p><img alt=\"\" src=\"https://kenh14cdn.com/2018/6/26/3617712721149350587674903129704301652344832n-15300008239151677658566.jpg\" style=\"height:400px; width:600px\" /></p>', 26, 101, 19, 0, 1, '2018-06-27 13:44:03', '2018-06-27 13:46:54'),
(102, 'Xuất hiện Siêu mẫu tóc 2018 trên MXH: 13 sắc thái xuất sắc từ ánh mắt đến bờ môi', 'trông chất quá :))', '<p>Đêm ngày 20/5 tại lễ trao giải Billboard Music Award 2018, đã quy tụ dàn khách mời khủng như Taylor Swift, Luis Fonsi, Khalid,... nhưng đặc sắc hơn cả là màn trình diễn của các ngôi sao quốc tế</p>\r\n\r\n<p><img alt=\"\" src=\"https://kenh14cdn.com/2018/6/27/3627534421654464570730379092663507589005312n-1530074438052488151417.jpg\" style=\"height:400px; width:600px\" /></p>\r\n\r\n<p><img alt=\"\" src=\"https://kenh14cdn.com/2018/6/27/3624183421654465670730261201986974773149696n-1530074438035876360884.jpg\" style=\"height:960px; width:540px\" /></p>\r\n\r\n<p><img alt=\"\" src=\"https://kenh14cdn.com/2018/6/27/3632145921654464770730352124143086316552192n-15300744380601306531196.jpg\" style=\"height:960px; width:720px\" /></p>', 26, 100, 19, 1, 1, '2018-06-27 13:45:44', '2018-06-27 13:47:35'),
(103, 'Chùm ảnh: Khi lũ boss cũng theo trend chụp ảnh dưới nước cho bằng bạn bằng bè', 'trend mới nè', '<p>Đêm ngày 20/5 tại lễ trao giải Billboard Music Award 2018, đã quy tụ dàn khách mời khủng như Taylor Swift, Luis Fonsi, Khalid,... nhưng đặc sắc hơn cả là màn trình diễn của các ngôi sao quốc tế</p>\r\n\r\n<p><img alt=\"\" src=\"https://kenh14cdn.com/2018/6/26/360026311495892403890107804762599370522624n-15300039164741411458001-1530003986976899754067.png\" style=\"height:627px; width:627px\" /></p>\r\n\r\n<p>\"Chụp ảnh dưới nước\" là một trào lưu cực hot, đã làm mưa làm gió trong suốt thời gian qua với những bộ ảnh công phu, \"so deep\" được giới trẻ đua nhau thực hiện và chia sẻ. Nghe tên thôi đã đủ thấy sự phức tạp, đòi hỏi người chụp phải đầu tư kỹ lưỡng về cả máy móc thiết bị cũng như ý tưởng.</p>\r\n\r\n<p>Trào lưu này dường như vẫn chưa có dấu hiệu hạ nhiệt dù đã hoành hành suốt mấy năm nay, thậm chí nó còn lây lan sang cả các boss qua bộ ảnh đẹp lung linh vừa được cư dân mạng chia sẻ.&nbsp;</p>\r\n\r\n<p><img alt=\"\" src=\"https://kenh14cdn.com/2018/6/26/3588706214958925605567582092845921623605248n-15300039164701138106348-15300039573681684345316.png\" style=\"height:631px; width:631px\" /></p>', 26, 99, 19, 1, 1, '2018-06-27 13:46:42', '2018-06-27 13:47:04'),
(104, 'Người phụ nữ mất sạch tiền trong tài khoản vì dán mật khẩu lên thẻ ATM', 'đen quá nhỉ', '<p>Đêm ngày 20/5 tại lễ trao giải Billboard Music Award 2018, đã quy tụ dàn khách mời khủng như Taylor Swift, Luis Fonsi, Khalid,... nhưng đặc sắc hơn cả là màn trình diễn của các ngôi sao quốc tế</p>\r\n\r\n<p><img alt=\"\" src=\"https://kenh14cdn.com/2018/6/25/hai-doi-tuong-rut-trom-toan-bo-so-tien-15-trieu-co-trong-the-atm-cua-chi-uyen-sau-khi-nhat-duoc-the-anh-cat-tu-clip-1529929561169420628163.png\" style=\"height:1067px; width:600px\" /></p>\r\n\r\n<p>Chiều 25/6, Đại tá Trần Thanh Hải, Trưởng Công an quận Thanh Khê (TP Đà Nẵng) xác nhận, đang tiến hành xác minh và điều tra vụ việc 2 đối tượng rút trộm tiền trong trụ ATM của ngân hàng Agribank (đường Nguyễn Tri Phương, phường Chính Gián) sau khi nhặt được thẻ ATM của chị Đặng Ngọc Vy Uyên (trú đường Vũ Quỳnh, P. Thanh Khê Tây, Q. Thanh Khê) bị làm rơi.</p>\r\n\r\n<p>Trước đó, ngày 28/3, trong lúc ra sân bay Đà Nẵng để đón chồng, chị Uyên không may làm rơi một thẻ ATM của ngân hàng Agribank (Chi nhánh Đà Nẵng).</p>', 15, 102, 18, 0, 1, '2018-06-27 14:02:34', '2018-06-27 14:02:39');
INSERT INTO `posts` (`id`, `title`, `description`, `content`, `user_id`, `media_id`, `categories_id`, `views`, `status`, `created_at`, `updated_at`) VALUES
(105, 'Truy bắt nhóm giang hồ dùng súng bắn con nợ bị thương ngay trong đêm', 'truy bắt rồi', '<p>Đêm ngày 20/5 tại lễ trao giải Billboard Music Award 2018, đã quy tụ dàn khách mời khủng như Taylor Swift, Luis Fonsi, Khalid,... nhưng đặc sắc hơn cả là màn trình diễn của các ngôi sao quốc tế</p>\r\n\r\n<p><img alt=\"\" src=\"https://kenh14cdn.com/2018/6/6/anh-cong-an-tai-hien-truong-15282850036841682670156.png\" style=\"height:275px; width:570px\" /></p>\r\n\r\n<p>Nguồn tin của phóng viên cho biết, hiện công an huyện Đắk Song đang phối hợp cùng các đơn vị nghiệp vụ công an tỉnh Đắk Nông tiến hành điều tra truy bắt nhóm giang hồ đòi nợ thuê dùng súng bắn khiến 1 người bị thương ở khu vực. Nạn nhân là Lê Công Tuấn Anh (26 tuổi, ngụ tỉnh Đắk Nông).</p>\r\n\r\n<p>Theo điều tra ban đầu, khoảng 21h30 ngày 22/6, Trần Văn Tưởng (27 tuổi, ngụ tỉnh Nam Định), Nguyễn Văn Kiên (22 tuổi, trú tỉnh Đắk Nông) và đối tượng tên Tuấn (chưa rõ thân nhân) đến nhà Tuấn Anh ở xã Nam Bình, huyện Đắk Song, tỉnh Đắk Nông để đòi nợ thuê cho 1 người tên Quang (chưa rõ thân nhân).</p>\r\n\r\n<p>Vừa tới nhà nói chuyện với Tuấn Anh thì 2 bên xảy ra mâu thuẫn. Bất ngờ, Tưởng rút súng tự chế bắn vào người Tuấn Anh. May mắn, nạn nhân chỉ bị thương nhẹ. Sau đó, nhóm giang hồ đòi nợ rời khỏi hiện trường.</p>', 15, 103, 18, 0, 1, '2018-06-27 14:05:00', '2018-06-27 14:05:03'),
(106, 'Thắc mắc giá bia cao, khách hàng bị đánh gãy răng phải nhập viện', 'bị đập gãy răng', '<p>Đêm ngày 20/5 tại lễ trao giải Billboard Music Award 2018, đã quy tụ dàn khách mời khủng như Taylor Swift, Luis Fonsi, Khalid,... nhưng đặc sắc hơn cả là màn trình diễn của các ngôi sao quốc tế</p>\r\n\r\n<p><img alt=\"\" src=\"https://kenh14cdn.com/2018/6/18/photo-1-15293259362401452792221.jpg\" style=\"height:375px; width:540px\" /></p>\r\n\r\n<p>&nbsp;</p>\r\n\r\n<p><span style=\"color:rgb(34, 34, 34); font-family:times new roman,georgia,serif; font-size:17px\">Ngày 18-6, Công an huyện Cam Lộ (Quảng Trị) cho biết đơn vị đang trưng cầu giám định thương tích đối với ông Đỗ Viết Lành (50 tuổi, trú tại quận Hải Châu, TP. Đà Nẵng) sau khi nhận được thông tin ông Lành bị một chủ tiệm tạp hóa trên địa bàn huyện Cam Lộ cùng một số người khác hành hung, phải nhập viện điều trị.</span></p>\r\n\r\n<p>&nbsp;</p>\r\n\r\n<p>Theo đó, vào tối 17-6, ông Đỗ Viết Lành điều khiển xe ô tô đến tiệm tạp hoá Kim Ánh (xã Cam An, huyện Cam Lộ) để mua thùng bia. Sau khi nghe chủ tiệm báo giá, ông Lành thắc mắc giá bia cao nên giữa hai người xảy ra to tiếng. Sau đó, chủ tiệm tạp hóa đã dùng tay đấm vào mặt ông Lành và khi ông Lành bỏ chạy thì người này cùng nhiều người khác đuổi theo, vây đánh ông nhiều lần.</p>\r\n\r\n<p>Sau khi nhận được thông tin, ngay trong đêm 17-6 Công an xã Cam Thanh, Cam An và tổ công tác của Công an huyện Cam Lộ đã đến hiện trường, lập biên bản vụ việc. Được biết, ông Lành nhập viện trong tình trạng bị gãy 2 chiếc răng, mặt bị sưng phù, một số nơi bầm tím.</p>\r\n\r\n<div id=\"admzone474524\" style=\"margin: 0px; padding: 0px; border: 0px; font-variant-numeric: inherit; font-variant-east-asian: inherit; font-stretch: inherit; font-size: 17px; line-height: inherit; font-family: \">&nbsp;</div>\r\n\r\n<p>Hiện vụ việc đang được cơ quan chức năng điều tra, làm rõ.</p>', 15, 104, 18, 1, 1, '2018-06-27 14:08:08', '2018-07-10 17:46:44'),
(107, 'Lời khai của nam thanh niên 19 tuổi giả danh CSGT chặn người dân', 'giả mạo CSGT ghe', '<p>Đêm ngày 20/5 tại lễ trao giải Billboard Music Award 2018, đã quy tụ dàn khách mời khủng như Taylor Swift, Luis Fonsi, Khalid,... nhưng đặc sắc hơn cả là màn trình diễn của các ngôi sao quốc tế</p>\r\n\r\n<p><img alt=\"\" src=\"https://kenh14cdn.com/2018/6/25/1209124-1529914719901353130126.jpg\" style=\"height:625px; width:600px\" /></p>\r\n\r\n<p>Ngày 25/6, nguồn tin của phóng viên cho biết, hiện Công an huyện Cẩm Mỹ, tỉnh Đồng Nai đang củng cố hồ sơ để xử lý đối tượng Phạm Quốc Hưng (19 tuổi, trú TP.Biên Hòa, tỉnh Biên Hoà) để điều tra về hành vi giả danh Cảnh sát giao thông chặn xe người dân xin đểu.</p>\r\n\r\n<p>Theo điều tra ban đầu, chiều 22/6, Hưng mặc trang phục của CSGT và không mang giày công an điều khiển xe máy hiệu Wave mang BKS: 60B6 - 420.83 lưu thông trên địa bàn huyện Cẩm Mỹ, tỉnh Đồng Nai.</p>', 15, 105, 18, 0, 1, '2018-06-27 14:11:03', '2018-06-29 15:27:02'),
(108, 'Đại gia Việt nào mất tiền nhiều nhất trên thị trường từ đầu năm đến nay?', 'mất tiền nhiều', '<p>Đêm ngày 20/5 tại lễ trao giải Billboard Music Award 2018, đã quy tụ dàn khách mời khủng như Taylor Swift, Luis Fonsi, Khalid,... nhưng đặc sắc hơn cả là màn trình diễn của các ngôi sao quốc tế</p>\r\n\r\n<p><img alt=\"\" src=\"https://znews-photo-td.zadn.vn/w660/Uploaded/aohunkx/2018_06_28/DSC_6682_1.jpg\" /></p>\r\n\r\n<p>Biến động của thị trường chứng khoán và giá cổ phiếu doanh nghiệp thời gian qua đã tác động tiêu cực tới khối tài sản trên sàn chứng khoán của các đại gia Việt. Nhiều đại gia đã mất hàng chục tỷ đồng chỉ trong thời gian ngắn.</p>\r\n\r\n<h3>Tỷ phú Phạm Nhật Vượng lấy lại ngôi đầu</h3>\r\n\r\n<p>Sau khi mất vị trí người giàu nhất sàn chứng khoán Việt vào tay đại gia Trịnh Văn Quyết cuối năm 2017, từ đầu năm 2018, đà tăng của cổ phiếu Tập đoàn Vingroup (VIC) đã nhanh chóng giúp ông Phạm Nhật Vượng lấy lại vị trí này.</p>\r\n\r\n<p>&nbsp;</p>', 28, 106, 21, 1, 1, '2018-07-02 12:53:03', '2018-07-02 12:59:32'),
(109, 'Ông chủ Yeah1 vào top 15 người giàu nhất sàn chứng khoán ở tuổi 40', 'chứng khoán ghê qá', '<p>Đêm ngày 20/5 tại lễ trao giải Billboard Music Award 2018, đã quy tụ dàn khách mời khủng như Taylor Swift, Luis Fonsi, Khalid,... nhưng đặc sắc hơn cả là màn trình diễn của các ngôi sao quốc tế</p>\r\n\r\n<p><img alt=\"\" src=\"https://znews-photo-td.zadn.vn/w660/Uploaded/aohunkx/2018_06_27/img20170619081842516cf482.jpg\" style=\"height:450px; width:600px\" /></p>\r\n\r\n<p>Hơn 27 triệu cổ phiếu YEG của Công ty cổ phần Tập đoàn Yeah1 niêm yết trên sàn HoSE đưa ông Nguyễn Ảnh Nhượng Tống, Chủ tịch tập đoàn này gia nhập top người giàu trên sàn chứng khoán.</p>\r\n\r\n<p>Cụ thể, ông Tống sở hữu 7,42 triệu cổ phiếu YEG sở hữu. Tại mức giá đóng cửa phiên 27/6 ở mức 321.000 đồng mỗi cổ phiếu YEG, giá trị tài sản trên sàn chứng khoán của ông Tống đang vào khoảng 2.400 tỷ đồng, xếp thứ 15 trong số những người giàu nhất sàn chứng khoán Việt.</p>\r\n\r\n<p>Vợ ông là bà Trúc Mai cũng đang sở hữu hơn 75.000 cổ phiếu YEG, tương đương hơn 24 tỷ đồng.</p>\r\n\r\n<p>Ông Tống cũng trở thành đại gia trẻ tuổi nhất trong danh sách 15 người giàu nhất sàn chứng khoán, khi mới chỉ 40 tuổi.</p>', 28, 107, 21, 2, 1, '2018-07-02 13:01:11', '2018-07-05 02:31:27'),
(110, 'Dự án 17 tòa tháp với 7 ha cảnh quan xanh phía Nam Hà Nội', 'cảnh quan xanh', '<p>Đêm ngày 20/5 tại lễ trao giải Billboard Music Award 2018, đã quy tụ dàn khách mời khủng như Taylor Swift, Luis Fonsi, Khalid,... nhưng đặc sắc hơn cả là màn trình diễn của các ngôi sao quốc tế</p>\r\n\r\n<p><img alt=\"\" src=\"https://znews-photo-td.zadn.vn/w660/Uploaded/wyhktpu/2018_06_29/image001_9.jpg\" style=\"height:338px; width:600px\" /></p>\r\n\r\n<p><span style=\"color:rgb(34, 34, 34); font-family:noto serif,serif; font-size:18px\">Hồng Hà Eco City tọa lạc tại cửa ngõ phía Nam thủ đô, trên trục Giải Phóng, kết nối thẳng tới trung tâm&nbsp;</span><a class=\"topic location autolink\" href=\"https://news.zing.vn/ha-noi-tieu-diem.html\" style=\"box-sizing: border-box; text-rendering: geometricPrecision; margin: 0px; padding: 0px; font-size: 18px; vertical-align: baseline; background-image: initial; background-position: initial; background-size: initial; background-repeat: initial; background-attachment: initial; background-origin: initial; background-clip: initial; text-decoration-line: none; color: rgb(0, 0, 0); border-bottom: 1px solid rgb(51, 51, 51); font-family: \" title=\"Tin tức Hà Nội\">Hà Nội</a><span style=\"color:rgb(34, 34, 34); font-family:noto serif,serif; font-size:18px\">. Khu đô thị sở hữu quỹ đất lên tới 16,7 ha với 70.000 m2 cảnh quan, cây xanh</span></p>\r\n\r\n<p><span style=\"color:rgb(34, 34, 34); font-family:noto serif,serif; font-size:18px\">Hồng Hà Eco City được quy hoạch gồm 17 tòa nhà, từ 17 đến 34 tầng. Dự án có mật độ xây dựng 30% với tỷ lệ giao thông thấp và ưu tiên quỹ đất công viên cây xanh. Trong đó, giải pháp đi bộ được đề cao với các đường tản bộ bao quanh công viên. Hệ thống giao thông quy hoạch hạn chế các phương tiện đi lại bên trong khu vực dân cư, giúp giảm thiểu tác động đến môi trường sống.</span></p>', 28, 108, 22, 0, 1, '2018-07-02 13:05:15', '2018-07-10 17:45:54'),
(111, 'Tìm căn hộ ở Thạnh Mỹ Lợi khi nguồn cung khan hiếm', 'nguồn cung khan hiếm', '<p>Đêm ngày 20/5 tại lễ trao giải Billboard Music Award 2018, đã quy tụ dàn khách mời khủng như Taylor Swift, Luis Fonsi, Khalid,... nhưng đặc sắc hơn cả là màn trình diễn của các ngôi sao quốc tế</p>\r\n\r\n<p><img alt=\"\" src=\"https://znews-photo-td.zadn.vn/w660/Uploaded/wyhktpu/2018_06_28/HT_Nova_13.jpg\" style=\"height:395px; width:600px\" /></p>\r\n\r\n<p>Trong khi nhu cầu tăng nhờ hệ thống hạ tầng đang dần hoàn thiện thì nguồn cung căn hộ thị trường Thạnh Mỹ Lợi khá ít. Các dự án cũ vẫn có hàng để bán nhưng giá thứ cấp đã đạt ngưỡng cao. Trong khi đó, nhà đầu tư Việt vẫn có xu hướng tìm kiếm dự án mới để mua theo giá sơ cấp, nhằm thu lợi lớn hơn về sau.</p>\r\n\r\n<p>Ở phân khúc căn hộ trung cao cấp, khu Thạnh Mỹ Lợi gần đây chỉ xuất hiện một vài dự án đáp ứng nhu cầu của giới đầu tư. Trước sự khan hiếm về nguồn cung, sự kiện giới thiệu căn hộ Victoria Village đã được tổ chức cuối tuần qua đã thu hút các nhà đầu tư trong nước cũng như nước ngoài.</p>\r\n\r\n<p><img alt=\"\" src=\"https://znews-photo-td.zadn.vn/w660/Uploaded/wyhktpu/2018_06_28/HT_Nova_6.jpg\" style=\"height:401px; width:600px\" /></p>\r\n\r\n<p>&nbsp;</p>', 28, 109, 22, 0, 1, '2018-07-02 13:06:28', '2018-07-02 13:06:36'),
(112, 'Ngập mặt trong gạch đá, phiên bản mới của PUBG đang gây thất vọng ê chề', 'pubg gây thất vọng', '<p>Đêm ngày 20/5 tại lễ trao giải Billboard Music Award 2018, đã quy tụ dàn khách mời khủng như Taylor Swift, Luis Fonsi, Khalid,... nhưng đặc sắc hơn cả là màn trình diễn của các ngôi sao quốc tế</p>\r\n\r\n<p><img alt=\"\" src=\"https://genknews.genkcdn.vn/2018/7/2/2-15305170419421171548245.jpg\" /></p>\r\n\r\n<p><span style=\"font-family:times new roman; font-size:17px\">Steam summer sale đã gần kết thúc, phần lớn game thủ chắc đã sắm về cho mình những tựa game yêu thích, nhưng tất nhiên vẫn còn những game thủ đợi đến những ngày cuối của mình mới mở hầu bao để chi đậm, hoặc là chờ tựa game yêu thích xem có sale mấy ngày cuối hay không? Một trong những tựa game mà rất rất nhiều game thủ mong chờ nó sale, không chỉ đợt sale này, mà mọi đợt sale khác chính là PUBG, và rất may là PUBG đã sale, tuy rằng chỉ sale 33%.</span></p>\r\n\r\n<p>&nbsp;</p>\r\n\r\n<p>Rất nhiều game thủ đã vui mừng trước việc này vì họ nghĩ cuối cùng nhà phát triển Bluehole đã chịu quan tâm đến game thủ hơn. Nhưng có lẽ game thủ đã được một phen… mừng hụt khi hóa ra động thái này phần lớn là để khuyến khích game thủ bỏ tiền ra mua gói DLC mới của game có tên: Event Pass Sanhok với giá tương đối cao (bằng giá game gốc đã sale). Gói DLC này cung cấp cho người chơi thêm nhiều nhiệm vụ để có thể mở khóa các phần thưởng đặc biệt nhân dịp map Sanhok được phát hành. Nhưng cộng đồng game thủ đánh giá thế nào về DLC mới này của PUBG khi cái giá là tương đối cao mà những gì nhận được lại không mấy tương xứng?</p>\r\n\r\n<p>Event Pass: Sanhok hiện đang nhận được đánh giá Mixed trên Steam với chỉ khoảng 66% người đánh giá tốt. Dưới đây là một số đánh giá của game thủ trên Steam:</p>\r\n\r\n<p><img alt=\"\" src=\"https://genknews.genkcdn.vn/thumb_w/640/2018/7/2/1-1530517070728944886306.jpg\" style=\"height:360px; width:640px\" /></p>', 28, 110, 24, 30, 1, '2018-07-02 13:11:30', '2018-07-02 13:14:14'),
(113, 'Sự thật đắng lòng: PUBG, vị vua mới lên đã bị “thất sủng”', 'sự thật về pubg', '<p>Đêm ngày 20/5 tại lễ trao giải Billboard Music Award 2018, đã quy tụ dàn khách mời khủng như Taylor Swift, Luis Fonsi, Khalid,... nhưng đặc sắc hơn cả là màn trình diễn của các ngôi sao quốc tế</p>\r\n\r\n<p><img alt=\"\" src=\"https://genknews.genkcdn.vn/thumb_w/640/2018/7/1/1-15304346612491141702056.jpg\" /></p>\r\n\r\n<p><span style=\"font-family:times new roman; font-size:17px\">Số lượng người chơi giảm dần đi từng ngày. Mối quan hệ với cộng đồng game thủ dường như không còn ổn nữa. Và lối chơi vẫn chưa hoàn thiện, không đột phá nhiều so với lứa đàn em đẻ muộn sinh sau.&nbsp;</span><a href=\"http://gamek.vn/pubg.htm\" style=\"margin: 0px; padding: 0px; list-style: none; text-decoration-line: none; border: 0px; font-size: 17px; outline: none; font-family: \" target=\"_blank\" title=\"PUBG\">PUBG</a><span style=\"font-family:times new roman; font-size:17px\">&nbsp;giờ chỉ là cái tên, để người ta nhắc tới và để nhớ nhiều hơn là để chơi. Liệu PUBG có thể một lần nữa cải biến vận mệnh của mình, hay sẽ chấp nhận trở thành một tượng đài đứng yên trong lịch sử ?</span></p>\r\n\r\n<p><span style=\"font-family:times new roman; font-size:17px\">Năm ngoái, PlayerUnknown’s Battlegrounds một mình độc bá thể loại battle royale. Sự mới lạ đã khiến game bùng nổ và trở nên phổ biến. Nhưng Fortnite, kẻ thù truyền kiếp của PUBG, đã vượt qua một cách dễ dàng, và đến cuối năm nay, các nhà sản xuất game bắn súng “loại xịn” cũng nhảy vào thị trường tiềm năng này, ngai vàng của PUBG trở nên lung lay hơn bao giờ hết. PUBG đã đấu tranh để giữ chân người chơi, nhưng khi sự kiện mới của game thất bại, tương lai của trò chơi khai sinh ra battle royale có vẻ như vô cùng ảm đạm.</span></p>', 28, 111, 24, 1, 1, '2018-07-02 13:12:33', '2018-07-10 17:44:45'),
(114, 'Tại sao Battle Royale lại vượt mặt Moba và trở thành số 1 trong thế giới game', 'battle royale vượt mặt', '<p>Đêm ngày 20/5 tại lễ trao giải Billboard Music Award 2018, đã quy tụ dàn khách mời khủng như Taylor Swift, Luis Fonsi, Khalid,... nhưng đặc sắc hơn cả là màn trình diễn của các ngôi sao quốc tế</p>\r\n\r\n<p><img alt=\"\" src=\"https://genknews.genkcdn.vn/thumb_w/690/2018/7/2/photo-4-15305230771051023278483.jpg\" style=\"height:388px; width:690px\" /><span style=\"font-family:times new roman; font-size:17px\">Bao nhiêu đó thôi đã đủ thấy Battle Royale đang ở một vị thế như thế nào, đến nỗi tất cả các ông lớn đều phải bu vào bỏ tất cả những dự án truyền thống để chạy theo một thể loại mới.</span></p>\r\n\r\n<p><span style=\"font-family:times new roman; font-size:17px\">Thời buổi hiện tại, chuyện “Pay to Play” là điều hết sức bình thường với những game thủ. So với một số game bắn súng khác như Call of Duty, Battlefield… đều có mức giá khá “chua” đến tận 60 USD nhưng vẫn chưa có DLC. Nếu muốn có được các bản chơi mới, và chế độ Co.op với bạn bè thì chắc chắn việc chi trả thêm sẽ không dừng lại mức 60 USD nữa. Nhưng nếu chúng ta bỏ số tiền lớn ra như vậy, nhưng lại chơi trong thời gian quá ngắn (vì đa số các tựa game đó mỗi năm đều update phiên bản mới), nếu cứ tiếp tục chơi thì sẽ lạc hậu và bắt buộc phải mua tiếp bản mới. Thế thì tiền đâu mà chịu cho thấu?</span></p>\r\n\r\n<p><span style=\"font-family:times new roman; font-size:17px\"><img alt=\"\" src=\"https://genknews.genkcdn.vn/thumb_w/690/2018/7/2/photo-8-15305230771112079690161.jpg\" /></span></p>\r\n\r\n<p>&nbsp;</p>', 28, 112, 25, 0, 1, '2018-07-02 13:17:54', '2018-07-02 13:19:05'),
(115, 'Gần 10 ngày nữa sự cố cáp quang biển AAG mới được khắc phục xong', 'khắc phục lâu', '<p>Đêm ngày 20/5 tại lễ trao giải Billboard Music Award 2018, đã quy tụ dàn khách mời khủng như Taylor Swift, Luis Fonsi, Khalid,... nhưng đặc sắc hơn cả là màn trình diễn của các ngôi sao quốc tế</p>\r\n\r\n<p><img alt=\"\" src=\"https://genknews.genkcdn.vn/2018/7/2/photo-0-1530525299108110117838.jpg\" style=\"height:415px; width:550px\" /></p>\r\n\r\n<h2>Theo kế hoạch của Trung tâm điều hành tuyến cáp quang biển quốc tế AAG, sự cố xảy ra sáng 16/6 trên nhánh S1H của tuyến AAG sẽ được bắt đầu sửa chữa từ 7h ngày 6/7 tới và dự kiến hoàn thành vào 4h ngày 11/7/2018.</h2>\r\n\r\n<p>Hôm nay, ngày 2/7/2018, kế hoạch sửa chữa, khắc phục sự cố xảy ra trên cáp nhánh S1H của tuyến cáp quang biển quốc tế Asia - America Gateway (AAG) đã được Trung tâm điều hành tuyến cáp thông báo tới các nhà cung cấp dịch vụ Internet (ISP) tại Việt Nam có sử dụng AAG.</p>\r\n\r\n<p>Theo đó, sự cố trên cáp nhánh AAG-S1H (phân đoạn Vũng Tàu - Brunei) tại vị trí cách trạm cập bờ Vũng Tàu khoảng 64,3km sẽ bắt đầu được tiến hành sửa chữa, khắc phục vào sáng ngày 6/7/2018 và dự kiến sẽ sửa xong vào sáng ngày 11/7/2018. Như vậy, kết nối Internet từ Việt Nam đi quốc tế còn bị ảnh hưởng trong gần 10 ngày nữa.</p>\r\n\r\n<p>&nbsp;</p>', 28, 113, 25, 0, 1, '2018-07-02 13:18:52', '2018-07-02 13:19:04'),
(117, '4 kiểu váy liền nhìn \"cưng\" hết nấc này thật đúng là sinh ra để dành cho mùa hè!', 'váy cho mùa hè', '<p>Đêm ngày 20/5 tại lễ trao giải Billboard Music Award 2018, đã quy tụ dàn khách mời khủng như Taylor Swift, Luis Fonsi, Khalid,... nhưng đặc sắc hơn cả là màn trình diễn của các ngôi sao quốc tế</p>\r\n\r\n<p><strong>Váy vàng</strong></p>\r\n\r\n<p><strong><img alt=\"\" src=\"https://kenh14cdn.com/2018/6/30/photo-1-1530291740741518669520.jpg\" style=\"height:660px; width:660px\" /></strong></p>\r\n\r\n<p><strong><img alt=\"\" src=\"https://kenh14cdn.com/2018/6/30/photo-3-15302917438852096083988.jpg\" style=\"height:660px; width:660px\" />Váy hoa</strong></p>\r\n\r\n<p><strong><img alt=\"\" src=\"https://kenh14cdn.com/2018/6/30/photo-4-15302917438871825213893.jpg\" style=\"height:825px; width:660px\" /></strong></p>', 26, 114, 27, 0, 1, '2018-07-03 02:11:25', '2018-07-03 02:13:30'),
(118, 'Mũ ô giá 9 triệu đồng của Fendi: Khi mưa quá buồn mà mình vẫn phải \"cool\"', 'mũ 9 triệu', '<p>Đêm ngày 20/5 tại lễ trao giải Billboard Music Award 2018, đã quy tụ dàn khách mời khủng như Taylor Swift, Luis Fonsi, Khalid,... nhưng đặc sắc hơn cả là màn trình diễn của các ngôi sao quốc tế</p>\r\n\r\n<p><img alt=\"\" src=\"https://kenh14cdn.com/thumb_w/660/2018/6/29/12983599-hat0-1530274156867297783560.jpg\" style=\"height:344px; width:660px\" /></p>\r\n\r\n<p>Gần chục năm trước, thế giới loài người bỗng nảy nòi ra một phát minh kỳ thú: mũ ô. Thứ vật dụng này không được xem là món thời trang, nhưng lại rất được khách du lịch năm châu bốn bể ưa chuộng vì mang lại hiệu quả và tiện ích rõ rệt.</p>\r\n\r\n<p><img alt=\"\" src=\"https://kenh14cdn.com/2018/6/29/fendi-1-1530273825884242312003.jpg\" style=\"height:800px; width:1200px\" /><img alt=\"\" src=\"https://kenh14cdn.com/2018/6/29/fendi-3-15302733460061519399621.jpg\" style=\"height:600px; width:900px\" /></p>\r\n\r\n<div class=\"VCSortableInPreviewMode LayoutAlbumWrapper alignJustify active\" style=\"margin: 0px 0px 25px; padding: 0px; border: 0px; font-variant-numeric: inherit; font-variant-east-asian: inherit; font-stretch: inherit; font-size: 17px; line-height: inherit; font-family: \">\r\n<div class=\"LayoutAlbumContent\" style=\"margin: 0px; padding: 0px; border: 0px; font: inherit; vertical-align: bottom; outline: 0px; box-sizing: border-box; display: inline-block; width: 580px;\">\r\n<div class=\"LayoutAlbumRow\" style=\"margin: 0px 0px 0.5rem; padding: 0px; border: 0px; font: inherit; vertical-align: baseline; outline: 0px; box-sizing: border-box; float: left; overflow: hidden; width: auto;\">&nbsp;</div>\r\n</div>\r\n</div>', 26, 115, 27, 2, 1, '2018-07-03 02:13:26', '2018-07-10 17:44:14'),
(119, 'Chiết xuất cây xương rồng có khả năng dưỡng da tuyệt diệu và đây là 6 sản phẩm rất đáng mua', 'chiết xuất xương rồng', '<p>Đêm ngày 20/5 tại lễ trao giải Billboard Music Award 2018, đã quy tụ dàn khách mời khủng như Taylor Swift, Luis Fonsi, Khalid,... nhưng đặc sắc hơn cả là màn trình diễn của các ngôi sao quốc tế</p>\r\n\r\n<p><strong>1. Park Min Young trong Thư Ký Kim Sao Thế: Tóc buộc đuôi ngựa</strong></p>\r\n\r\n<p><strong><img alt=\"\" src=\"https://kenh14cdn.com/thumb_w/660/2018/7/2/park-min-young-xinh-dep-rung-dong-ngay-trong-tap-dau-phim-moi-5688bc-1530523895297682270094.jpg\" style=\"height:990px; width:660px\" /></strong></p>\r\n\r\n<p><strong>2. Lee Sung Kyung trong About Time: Tóc dài cắt mái thưa</strong></p>\r\n\r\n<p><strong><img alt=\"\" src=\"https://kenh14cdn.com/thumb_w/660/2018/7/2/5687bdaad135ca21bce0cb9ce2b65015-1530523975622801794614.jpg\" style=\"height:989px; width:660px\" /></strong></p>\r\n\r\n<p><strong>3. Hwang Jung Eum trong The Undateables: Tóc bob ngắn</strong></p>\r\n\r\n<p><strong>4. Jin Ki Joo trong Come And Hug Me: Tóc dài uốn xoăn nhẹ nhàng</strong></p>\r\n\r\n<div>\r\n<p><strong>5. Seo Ye Ji trong Lawless Lawyer: Tóc bob dài cắt mái thưa</strong></p>\r\n\r\n<div>&nbsp;</div>\r\n</div>\r\n\r\n<div>&nbsp;</div>\r\n\r\n<div>&nbsp;</div>', 26, 117, 28, 0, 1, '2018-07-03 02:19:10', '2018-07-03 02:19:28'),
(120, 'Điểm danh 5 kiểu tóc hot đang được sao nữ Hàn lăng xê trong loạt phim gần đây', '5 kiểu tóc', '<p>Đêm ngày 20/5 tại lễ trao giải Billboard Music Award 2018, đã quy tụ dàn khách mời khủng như Taylor Swift, Luis Fonsi, Khalid,... nhưng đặc sắc hơn cả là màn trình diễn của các ngôi sao quốc tế</p>\r\n\r\n<p><strong>1. Park Min Young trong Thư Ký Kim Sao Thế: Tóc buộc đuôi ngựa</strong></p>\r\n\r\n<div><br />\r\n<img alt=\"\" src=\"https://kenh14cdn.com/thumb_w/660/2018/7/2/park-min-young-xinh-dep-rung-dong-ngay-trong-tap-dau-phim-moi-5688bc-1530523895297682270094.jpg\" style=\"height:990px; width:660px\" /></div>\r\n\r\n<div>\r\n<p><strong>2. Lee Sung Kyung trong About Time: Tóc dài cắt mái thưa</strong></p>\r\n\r\n<p><strong><img alt=\"\" src=\"https://kenh14cdn.com/thumb_w/660/2018/7/2/6870417abb9a473b8f162725c362cc0a-1530523975624632473113.jpeg\" style=\"height:744px; width:660px\" /></strong></p>\r\n\r\n<p><strong>3. Hwang Jung Eum trong The Undateables: Tóc bob ngắn</strong></p>\r\n\r\n<p><strong>4. Jin Ki Joo trong Come And Hug Me: Tóc dài uốn xoăn nhẹ nhàng</strong></p>\r\n\r\n<p><strong>5. Seo Ye Ji trong Lawless Lawyer: Tóc bob dài cắt mái thưa</strong></p>\r\n\r\n<div>&nbsp;</div>\r\n\r\n<div>&nbsp;</div>\r\n\r\n<div>&nbsp;</div>\r\n</div>', 26, 116, 28, 2, 1, '2018-07-03 02:21:49', '2018-07-03 02:22:55'),
(121, 'Thi đấu ấn tượng, Đà Nẵng Dragons thắng trận đầu tiên giải VBA 2018', 'Đà nẵng dragon', '<p>Đêm ngày 20/5 tại lễ trao giải Billboard Music Award 2018, đã quy tụ dàn khách mời khủng như Taylor Swift, Luis Fonsi, Khalid,... nhưng đặc sắc hơn cả là màn trình diễn của các ngôi sao quốc tế</p>\r\n\r\n<p><img alt=\"\" src=\"https://znews-photo-td.zadn.vn/w660/Uploaded/wyhktpu/2018_06_22/1.JPG\" style=\"height:425px; width:660px\" /></p>\r\n\r\n<table align=\"center\" class=\"picture\" style=\"-webkit-font-smoothing:antialiased; background-attachment:initial; background-clip:initial; background-image:initial; background-origin:initial; background-position:initial; background-repeat:initial; background-size:initial; border-collapse:collapse; border-spacing:0px; border:0px; box-sizing:border-box; color:rgb(85, 85, 85); float:none; font-family:sans-serif; font-size:14px; line-height:20px; margin:0px 0px 14px; outline:0px; padding:0px; text-rendering:geometricPrecision; text-size-adjust:100%; vertical-align:baseline; width:660px\">\r\n	<tbody>\r\n		<tr>\r\n			<td style=\"vertical-align:baseline\">VBA là sân chơi bóng rổ chuyên nghiệp nam ra đời năm 2016. Giải đã trải qua 2 mùa và tiếp tục bước vào mùa thứ 3, hứa hẹn nhiều kịch tính. Ngoài mục tiêu đưa bóng rổ trở thành môn thể thao số 2 tại Việt Nam, VBA thu hút nhờ tính giải trí, thư giãn mà không chỉ là thể thao thuần túy.<br />\r\n			&nbsp;</td>\r\n		</tr>\r\n	</tbody>\r\n</table>\r\n\r\n<p><img alt=\"\" src=\"https://znews-photo-td.zadn.vn/w660/Uploaded/wyhktpu/2018_06_22/2.JPG\" style=\"height:434px; width:660px\" /></p>\r\n\r\n<table align=\"center\" class=\"picture\" style=\"-webkit-font-smoothing:antialiased; background-attachment:initial; background-clip:initial; background-image:initial; background-origin:initial; background-position:initial; background-repeat:initial; background-size:initial; border-collapse:collapse; border-spacing:0px; border:0px; box-sizing:border-box; color:rgb(85, 85, 85); font-family:sans-serif; font-size:14px; line-height:20px; margin:14px 0px; outline:0px; padding:0px; text-rendering:geometricPrecision; text-size-adjust:100%; vertical-align:baseline; width:660px\">\r\n	<tbody>\r\n		<tr>\r\n			<td style=\"vertical-align:baseline\">Mới bước vào mùa thứ 3, VBA đã mang đến trận đấu kịch tính giữa Hochiminh City Wings by Jetstar và Danang Dragons. Với ưu thế sân nhà, Hochiminh City Wings by Jetstar đã sớm tỏ ra lấn lướt và xác lập ưu thế dẫn điểm. Sau 10 phút thi đấu, tỷ số là 20-19, nghiêng về phía Hochiminh City Wings by Jetstar.<br />\r\n			&nbsp;</td>\r\n		</tr>\r\n	</tbody>\r\n</table>\r\n\r\n<p>&nbsp;</p>', 15, 119, 30, 1, 1, '2018-07-03 02:39:29', '2018-07-03 02:45:36'),
(122, 'ĐT Futsal Việt Nam thắng đậm chủ nhà Trung Quốc tại giải Tứ hùng', 'futsal Việt Nam', '<p>Đêm ngày 20/5 tại lễ trao giải Billboard Music Award 2018, đã quy tụ dàn khách mời khủng như Taylor Swift, Luis Fonsi, Khalid,... nhưng đặc sắc hơn cả là màn trình diễn của các ngôi sao quốc tế</p>\r\n\r\n<p><img alt=\"\" src=\"https://znews-photo-td.zadn.vn/w660/Uploaded/neg_etpyole/2018_06_23/DLAP7765.JPG\" style=\"height:400px; width:600px\" /></p>\r\n\r\n<p>Sau trận đầu ra quân gặp ĐT Nga - đương kim á quân thế giới, đội tuyển Việt Nam để thua với tỷ số 2-6. Tuy nhiên các cầu thủ trẻ đã chơi một trận đấu xuất sắc, tự tin trước đối thủ hơn hẳn về trình độ.</p>\r\n\r\n<p>Tại lượt trận thứ 2 tại giải lần này, các học trò của HLV Miguel Rodrigo một lần nữa thể hiện khả năng chơi bóng linh hoạt, triển khai thực hiện tốt những bài tấn công nhuần nhuyễn.</p>\r\n\r\n<p>Ngay sau tiếng còi khai cuộc, các tuyển thủ Việt Nam dồn đối thủ Trung Quốc vào thế liên tục phải chống đỡ. Không phải đợi lâu, phút thứ 8, Tôn Thất Phi đã ghi bàn mở tỷ số 1-0 cho đội nhà từ pha dứt điểm chính xác. Tiếp tục giữ thế trận tấn công, phút thứ 10 đến lượt Đoàn Phát lập công ở bàn thắng nâng tỷ số 2-0 cho Việt Nam.</p>\r\n\r\n<p>Sang hiệp 2, các học trò HLV Miguel Rodrigo tiếp tục triển khai đội hình dồn ép chủ nhà Trung Quốc và ghi thêm 2 bàn thắng nữa do công của Nguyễn Đắc Huy và Trần Quang Toàn.</p>', 15, 118, 30, 1, 1, '2018-07-03 02:40:29', '2018-07-03 02:45:23'),
(123, 'Thắng Raonic, Federer lần đầu tiên vô địch Stuttgart', 'lần đầu vô địch', '<p>Đêm ngày 20/5 tại lễ trao giải Billboard Music Award 2018, đã quy tụ dàn khách mời khủng như Taylor Swift, Luis Fonsi, Khalid,... nhưng đặc sắc hơn cả là màn trình diễn của các ngôi sao quốc tế</p>\r\n\r\n<p><img alt=\"\" src=\"https://znews-photo-td.zadn.vn/w660/Uploaded/neg_etpyole/2018_06_17/Df5bXsMWsAIu92u.jpg\" style=\"height:448px; width:660px\" /></p>\r\n\r\n<p>Trong 13 lần đối đầu trước đây, Federer hoàn toàn áp đảo khi đã thắng tới 10 trận. Với việc đang có được phong độ ổn định, huyền thoại người Thụy Sĩ đã tiếp tục có được thắng lợi thứ 11 trước Milos Raonic.</p>\r\n\r\n<p>Ở ngay game 3 trong set đấu mở màn, tay vợt số 2 thế giới bẻ thành công game giao bóng của tay vợt người Canada. Sau đó dù Raonic đã cố gắng nhưng không thể sửa sai và thua set 1 với tỷ số 4-6.</p>\r\n\r\n<p>Bước sang set 2, hai tay vợt thi đấu đầy thăng hoa. Federer và Raonic đều không mắc sai lầm ở game cầm giao bóng. Các game đấu diễn ra khá chóng vánh và không có cơ hội bẻ break nào được tạo ra. Chính vì thế, trận chung kết phải nhờ đến loạt tie-break định đoạt.</p>', 15, 120, 31, 1, 1, '2018-07-03 02:43:37', '2018-07-03 02:45:13'),
(124, 'Djokovic thua nuối tiếc Cilic, Federer mất ngôi vương tại Halle', 'mất cơ hội vô địch', '<p>Đêm ngày 20/5 tại lễ trao giải Billboard Music Award 2018, đã quy tụ dàn khách mời khủng như Taylor Swift, Luis Fonsi, Khalid,... nhưng đặc sắc hơn cả là màn trình diễn của các ngôi sao quốc tế</p>\r\n\r\n<p><img alt=\"\" src=\"https://znews-photo-td.zadn.vn/w660/Uploaded/neg_etpyole/2018_06_24/DgdhNuTUcAASbF_.jpg\" style=\"height:440px; width:660px\" /></p>\r\n\r\n<p>bước vào trận chung kết với chuỗi 20 trận thắng liên tiếp trên mặt sân cỏ và anh cũng vừa đăng quang tại Stuttgart cách đây 1 tuần. Trong khi đối thủ của anh, Borna Coric cũng đang thể hiện phong độ cao khi chưa để thua set đấu nào tại giải.</p>\r\n\r\n<p>Hai tay vợt đều thể hiện được khả năng giao bóng tốt của mình, qua đó không gặp quá nhiều khó khăn trong các game cầm giao bóng và đưa set 1 vào loạt tie-break.</p>\r\n\r\n<p>Federer tưởng như thắng trong loạt đấu này khi dẫn 6-4. Nhưng ở thời khắc quyết định, tay vợt Thụy Sĩ lại chơi dưới sức khi để thua liền bốn điểm và mất luôn set đấu.</p>\r\n\r\n<p>Bản lĩnh của&nbsp;Federer&nbsp;được thể hiện trong set 2. Anh tấn công quyết liệt và có được break quan trong ở game đấu bản lề thứ 8, trước khi giành chiến thắng cách biệt 6-3 chỉ sau 37 phút.</p>\r\n\r\n<p>Những tưởng \"nhà vua\" đã bừng tỉnh và Coric không còn cơ hội gây sốc, thế nhưng kịch bản ngược lại đã xảy ra trong set quyết định. Sức trẻ của Coric bắt đầu phát huy tác dụng, trong khi Federer tỏ ra xuống sức. Thế trận chỉ cân bằng trong nửa đầu set đấu trước khi Coric thắng liền 4 game để giành chiến thắng.</p>\r\n\r\n<p>Vượt qua Federer sau hơn 2 giờ thi đấu, Borna Coric có được danh hiệu lớn nhất trong sự nghiệp thi đấu. Còn với Federer, anh đã lỡ cơ hội giành chức vô địch thứ 10 tại Halle mở rộng, và mất luôn ngôi số một thế giới vào tay Rafael Nadal chỉ sau một tuần đứng trên đỉnh của ATP.</p>', 15, 121, 31, 1, 1, '2018-07-03 02:44:40', '2018-07-03 02:45:06'),
(125, 'Thư mời Galaxy Note 9 đã bí mật để lộ điều gì về siêu phẩm mới nhất dòng Note?', 'dòng note mới', '<p>Đêm ngày 20/5 tại lễ trao giải Billboard Music Award 2018, đã quy tụ dàn khách mời khủng như Taylor Swift, Luis Fonsi, Khalid,... nhưng đặc sắc hơn cả là màn trình diễn của các ngôi sao quốc tế</p>\r\n\r\n<p><img alt=\"\" src=\"https://kenh14cdn.com/2018/6/30/photo-1-15303421794391006002443.jpg\" style=\"height:543px; width:660px\" /></p>\r\n\r\n<p><strong>1. Công cụ xóa ở đỉnh cây bút đã được thiết kế trở nên ngắn hơn hơn. Chưa rõ việc tinh chỉnh kích thước của đỉnh bút có đem tới tác dụng nào hay không nhưng đây chắc chắn là một thay đổi có lợi cho người dùng.</strong></p>\r\n\r\n<p><strong>2. Galaxy Note 9 nhiều khả năng sẽ có một phiên bản màu vàng để “ăn nhập” với chiếc bút S Pen màu vàng đặc trưng.</strong></p>\r\n\r\n<p><strong><img alt=\"\" src=\"https://kenh14cdn.com/2018/6/30/photo-1-15303421812611870240295.jpg\" style=\"height:440px; width:660px\" /></strong></p>', 15, 122, 33, 0, 1, '2018-07-03 03:30:02', '2018-07-03 03:47:53'),
(126, 'iOS 12 trên iPhone 5s: Liệu hiệu năng có cải thiện vượt bậc như lời Apple?', 'ios 12 trên iphone', '<p>Đêm ngày 20/5 tại lễ trao giải Billboard Music Award 2018, đã quy tụ dàn khách mời khủng như Taylor Swift, Luis Fonsi, Khalid,... nhưng đặc sắc hơn cả là màn trình diễn của các ngôi sao quốc tế</p>\r\n\r\n<p><img alt=\"\" src=\"https://kenh14cdn.com/2018/7/1/ios-12-beta-2-without-developer-account-740x381-15302764064831209759075-15304576991761994955743.png\" style=\"height:340px; width:660px\" /></p>\r\n\r\n<p>Khi Apple giới thiệu&nbsp;<a class=\"seo-suggest-link\" href=\"http://kenh14.vn/ios-12.html\" style=\"margin: 0px; padding: 0px; border: 0px; font: inherit; vertical-align: baseline; text-decoration-line: none; box-sizing: border-box;\" target=\"_blank\" title=\"ios 12\">iOS 12</a>&nbsp;tại hội nghị dành cho nhà phát triển hồi đầu tháng này, rất ít tính năng mới được công bố. Năm nay, không có quá nhiều thay đổi về mặt giao diện của các ứng dụng, màn hình khóa vẫn y như cũ và cũng chẳng có sự lột xác về mặt thiết kế, hình ảnh mà mỗi bản nâng cấp iOS mới mang lại. Thay vào đó, Táo khuyết lại tập trung đẩy mạnh một tính năng tuyệt vời, đó chính là:<strong>&nbsp;Hiệu năng.</strong></p>\r\n\r\n<p>iOS 12 được kỳ vọng sẽ mang đến tốc độ vượt trội khi đặt lên bàn cân với các phiên bản đời trước trên không chỉ iPhone X và bộ đôi iPhone 8/8 Plus. Những \"thầy phù thủy công nghệ\" xứ Cupertino tuyên bố sẽ hỗ trợ tất cả đời máy iPhone từ 5s ra mắt hồi 2013 trở đi, và hứa hẹn rằng phần mềm mới sẽ mang lại trải nghiệm mượt mà hơn rất nhiều..</p>\r\n\r\n<p>Để thử nghiệm tính xác thực của câu nói trên, trang CNET đã khôi phục cài đặt gốc cho hai chiếc iPhone 5s, sau đó cài iOS 11.4 bản chính thức cho một chiếc, chiếc còn lại được chạy iOS 12 beta. Sau đó, họ cho chúng tham gia bài test bằng cách thực hiện các tác vụ hằng ngày và cử chỉ thông thường để xem iOS 12 có thực sự mang đến sự cải thiện về mặt hiệu năng hay không.</p>\r\n\r\n<p>Nếu có thời gian rảnh, bạn có thể xem lại toàn bộ video. Còn kết luận đơn giản như sau: iOS 12 đúng là nhanh hơn ở một số thao tác đơn giản và rất đáng kể . Trong đó hầu hết là những điều nhỏ nhặt, ví dụ như thời gian để hệ thống đưa bàn phím xuất hiện lên màn hình khi nhấn vào vùng tin nhắn của iMessages, iOS 12 nhanh hơn iOS 11.4 tận 1 giây tròn. Thời gian tải website cũng nhanh hơn, và \"triệu hồi\" Siri cũng có chút tiến bộ về mặt tốc độ.</p>', 15, 123, 33, 11, 1, '2018-07-03 03:34:40', '2018-07-10 18:07:46'),
(127, 'Đây sẽ là trợ thủ đắc lực nhất dành cho bạn khi mua một chiếc iPhone cũ mùa World Cup này', 'trợ thủ đắc lực', '<p>Đêm ngày 20/5 tại lễ trao giải Billboard Music Award 2018, đã quy tụ dàn khách mời khủng như Taylor Swift, Luis Fonsi, Khalid,... nhưng đặc sắc hơn cả là màn trình diễn của các ngôi sao quốc tế</p>\r\n\r\n<p><img alt=\"\" src=\"https://kenh14cdn.com/2018/6/28/photo-1-15301963499861230281695.jpg\" style=\"height:426px; width:640px\" /></p>\r\n\r\n<p>Hiện tại, người dùng không cần có quá nhiều tiền mới mua được&nbsp;<a class=\"seo-suggest-link\" href=\"http://kenh14.vn/iphone.html\" style=\"margin: 0px; padding: 0px; border: 0px; font: inherit; vertical-align: baseline; text-decoration-line: none; box-sizing: border-box;\" target=\"_blank\" title=\"iphone\">iPhone</a>. Với sự đa dạng hóa của thị trường, các nguồn hàng iPhone cũ, đã qua sử dụng hay iPhone khóa mạng đã phổ biến hơn rất nhiều, và cũng có giá thành rẻ hơn so với hàng chính hãng, mà lại có chất lượng không chênh lệch quá.&nbsp;</p>\r\n\r\n<p>Tuy nhiên cần lưu ý rằng việc mua iPhone cũ, iPhone khóa mạng vẫn luôn là một canh bạc, bởi người dùng có thể sẽ phải đối mặt với nhiều vấn đề hơn như nguy cơ hỏng hóc, nguy cơ mua phải hàng dựng, hàng bị thay thế linh kiện, hoặc hàng có chất lượng không đảm bảo, nhất là khi bạn không có kiến thức cụ thể về việc kiểm tra máy.</p>\r\n\r\n<p><img alt=\"\" src=\"http://genknews.genkcdn.vn/2018/6/25/2-1529889462052527454611.jpg\" style=\"height:548px; width:640px\" /></p>\r\n\r\n<p><span style=\"color:rgb(34, 34, 34); font-family:times new roman,georgia,serif; font-size:17px\">Để hạn chế điều trên, bài viết này sẽ gợi ý cho bạn một ứng dụng khá hữu ích với chức năng chính là giúp bạn thực hiện việc kiểm tra máy với 19 bước tiêu chuẩn khi chọn mua một chiếc iPhone cũ, qua đó đảm bảo bạn không mua nhầm một chiếc iPhone kém chất lượng. Cụ thể như sau:</span></p>\r\n\r\n<p>&nbsp;</p>', 15, 125, 35, 19, 1, '2018-07-03 03:46:42', '2018-07-10 19:42:34'),
(128, 'Facebook Messenger vừa có thêm \"cô\" M trợ lý ảo chuyên môn nói leo lời người khác', 'hỗ trợ ảo mới he', '<p>Đêm ngày 20/5 tại lễ trao giải Billboard Music Award 2018, đã quy tụ dàn khách mời khủng như Taylor Swift, Luis Fonsi, Khalid,... nhưng đặc sắc hơn cả là màn trình diễn của các ngôi sao quốc tế</p>\r\n\r\n<p><img alt=\"\" src=\"https://kenh14cdn.com/2018/7/3/170406140907-facebook-m-messenger-780x439-1530587670018951418654.jpg\" style=\"height:439px; width:780px\" /></p>\r\n\r\n<p>Vài ngày trở lại đây, Facebook đã nhanh chóng cập nhật đến nhiều người dùng một chức năng mới khá thú vị trên&nbsp;<a class=\"seo-suggest-link\" href=\"http://kenh14.vn/messenger.html\" style=\"margin: 0px; padding: 0px; border: 0px; font: inherit; vertical-align: baseline; text-decoration-line: none; box-sizing: border-box;\" target=\"_blank\" title=\"messenger\">Messenger</a>:&nbsp;<strong>Trợ lý ảo M (M Suggestion).</strong></p>\r\n\r\n<p>M là tên gọi nền tảng trí tuệ nhân tạo của Facebook, có chức năng tự động hỗ trợ người dùng trên Messenger. Hiện tại, vai trò chính và chủ yếu của M là gợi ý các hành động tương tác nhanh liên quan đến những nội dung vừa được nhắc đến hoặc có liên quan, hiểu nôm na có thể là cách nói leo, nói bồi thêm lời của người khác vậy.</p>\r\n\r\n<p>Lần đầu cập nhật và xuất hiện trợ lý ảo&nbsp;M, Messenger sẽ tự thông báo, giới thiệu cho người dùng biết về sự hiện diện và cách hoạt động của M luôn.</p>', 15, 124, 35, 22, 1, '2018-07-03 03:47:32', '2018-07-10 19:41:53');

-- --------------------------------------------------------

--
-- Cấu trúc bảng cho bảng `post_rate`
--

CREATE TABLE `post_rate` (
  `id` int(10) UNSIGNED NOT NULL,
  `post_id` int(10) UNSIGNED NOT NULL COMMENT 'ID bài viết',
  `rate` int(10) UNSIGNED NOT NULL,
  `created_at` timestamp NULL DEFAULT NULL,
  `updated_at` timestamp NULL DEFAULT NULL
) ENGINE=InnoDB DEFAULT CHARSET=utf8 COLLATE=utf8_unicode_ci;

--
-- Đang đổ dữ liệu cho bảng `post_rate`
--

INSERT INTO `post_rate` (`id`, `post_id`, `rate`, `created_at`, `updated_at`) VALUES
(1, 127, 5, '2018-07-07 13:30:03', '2018-07-07 13:30:03'),
(2, 127, 4, '2018-07-07 13:37:06', '2018-07-07 13:37:06'),
(3, 127, 1, '2018-07-07 14:15:30', '2018-07-07 14:15:30'),
(7, 126, 5, '2018-07-09 14:31:42', '2018-07-09 14:31:42'),
(8, 126, 4, '2018-07-09 14:31:50', '2018-07-09 14:31:50'),
(9, 126, 3, '2018-07-09 14:31:52', '2018-07-09 14:31:52'),
(10, 126, 3, '2018-07-09 14:32:34', '2018-07-09 14:32:34'),
(11, 126, 5, '2018-07-09 14:32:36', '2018-07-09 14:32:36'),
(12, 126, 1, '2018-07-09 14:32:39', '2018-07-09 14:32:39'),
(13, 126, 1, '2018-07-09 14:32:41', '2018-07-09 14:32:41');

-- --------------------------------------------------------

--
-- Cấu trúc bảng cho bảng `post_tag`
--

CREATE TABLE `post_tag` (
  `id` int(10) UNSIGNED NOT NULL COMMENT 'ID bản ghi',
  `post_id` int(10) UNSIGNED NOT NULL COMMENT 'ID bài viết',
  `tag_id` int(10) UNSIGNED NOT NULL COMMENT 'ID thẻ tag',
  `created_at` timestamp NULL DEFAULT NULL,
  `updated_at` timestamp NULL DEFAULT NULL
) ENGINE=InnoDB DEFAULT CHARSET=utf8 COLLATE=utf8_unicode_ci;

--
-- Đang đổ dữ liệu cho bảng `post_tag`
--

INSERT INTO `post_tag` (`id`, `post_id`, `tag_id`, `created_at`, `updated_at`) VALUES
(4, 128, 86, '2018-07-10 17:35:51', '2018-07-10 17:35:51'),
(5, 128, 87, '2018-07-10 17:35:51', '2018-07-10 17:35:51'),
(6, 128, 88, '2018-07-10 17:35:51', '2018-07-10 17:35:51'),
(7, 127, 86, '2018-07-10 17:36:06', '2018-07-10 17:36:06'),
(8, 127, 87, '2018-07-10 17:36:06', '2018-07-10 17:36:06'),
(9, 127, 88, '2018-07-10 17:36:06', '2018-07-10 17:36:06'),
(10, 126, 88, '2018-07-10 17:36:20', '2018-07-10 17:36:20'),
(11, 125, 88, '2018-07-10 17:36:32', '2018-07-10 17:36:32'),
(12, 124, 85, '2018-07-10 17:36:38', '2018-07-10 17:36:38'),
(13, 123, 85, '2018-07-10 17:36:54', '2018-07-10 17:36:54'),
(14, 122, 84, '2018-07-10 17:37:00', '2018-07-10 17:37:00'),
(15, 121, 84, '2018-07-10 17:39:08', '2018-07-10 17:39:08'),
(16, 120, 82, '2018-07-10 17:39:23', '2018-07-10 17:39:23'),
(17, 119, 82, '2018-07-10 17:39:30', '2018-07-10 17:39:30'),
(18, 118, 81, '2018-07-10 17:44:14', '2018-07-10 17:44:14'),
(19, 117, 81, '2018-07-10 17:44:23', '2018-07-10 17:44:23'),
(20, 115, 78, '2018-07-10 17:44:31', '2018-07-10 17:44:31'),
(21, 114, 78, '2018-07-10 17:44:36', '2018-07-10 17:44:36'),
(22, 113, 79, '2018-07-10 17:44:45', '2018-07-10 17:44:45'),
(23, 112, 79, '2018-07-10 17:45:41', '2018-07-10 17:45:41'),
(24, 111, 76, '2018-07-10 17:45:49', '2018-07-10 17:45:49'),
(25, 110, 76, '2018-07-10 17:45:54', '2018-07-10 17:45:54'),
(26, 109, 75, '2018-07-10 17:46:02', '2018-07-10 17:46:02'),
(27, 108, 75, '2018-07-10 17:46:07', '2018-07-10 17:46:07'),
(28, 107, 72, '2018-07-10 17:46:40', '2018-07-10 17:46:40'),
(29, 106, 72, '2018-07-10 17:46:44', '2018-07-10 17:46:44'),
(30, 105, 72, '2018-07-10 17:46:50', '2018-07-10 17:46:50'),
(31, 104, 72, '2018-07-10 17:46:57', '2018-07-10 17:46:57'),
(32, 103, 73, '2018-07-10 17:47:05', '2018-07-10 17:47:05'),
(33, 102, 73, '2018-07-10 17:47:09', '2018-07-10 17:47:09'),
(34, 101, 73, '2018-07-10 17:47:14', '2018-07-10 17:47:14'),
(35, 100, 70, '2018-07-10 17:47:20', '2018-07-10 17:47:20'),
(36, 99, 70, '2018-07-10 17:47:26', '2018-07-10 17:47:26'),
(37, 98, 69, '2018-07-10 17:47:30', '2018-07-10 17:47:30'),
(38, 97, 69, '2018-07-10 17:50:35', '2018-07-10 17:50:35'),
(39, 96, 69, '2018-07-10 17:50:39', '2018-07-10 17:50:39'),
(40, 95, 69, '2018-07-10 17:50:42', '2018-07-10 17:50:42'),
(41, 94, 70, '2018-07-10 17:50:47', '2018-07-10 17:50:47'),
(42, 93, 70, '2018-07-10 17:50:51', '2018-07-10 17:50:51'),
(43, 92, 67, '2018-07-10 17:50:56', '2018-07-10 17:50:56'),
(44, 91, 67, '2018-07-10 17:51:00', '2018-07-10 17:51:00'),
(45, 90, 67, '2018-07-10 17:51:04', '2018-07-10 17:51:04'),
(46, 88, 67, '2018-07-10 17:51:07', '2018-07-10 17:51:07'),
(47, 87, 65, '2018-07-10 17:51:11', '2018-07-10 17:51:11'),
(48, 86, 65, '2018-07-10 17:53:06', '2018-07-10 17:53:06'),
(49, 85, 71, '2018-07-10 17:53:10', '2018-07-10 17:53:10'),
(50, 84, 68, '2018-07-10 17:53:17', '2018-07-10 17:53:17'),
(51, 83, 65, '2018-07-10 17:53:23', '2018-07-10 17:53:23'),
(52, 82, 65, '2018-07-10 17:53:29', '2018-07-10 17:53:29'),
(53, 81, 65, '2018-07-10 17:53:35', '2018-07-10 17:53:35'),
(54, 80, 65, '2018-07-10 17:53:40', '2018-07-10 17:53:40'),
(55, 75, 65, '2018-07-10 17:53:46', '2018-07-10 17:53:46'),
(56, 74, 65, '2018-07-10 17:53:51', '2018-07-10 17:53:51'),
(57, 73, 65, '2018-07-10 17:53:56', '2018-07-10 17:53:56'),
(58, 72, 65, '2018-07-10 17:54:55', '2018-07-10 17:54:55'),
(59, 71, 83, '2018-07-10 17:55:05', '2018-07-10 17:55:05'),
(60, 69, 83, '2018-07-10 17:55:14', '2018-07-10 17:55:14'),
(61, 68, 83, '2018-07-10 17:55:28', '2018-07-10 17:55:28'),
(62, 67, 83, '2018-07-10 17:55:35', '2018-07-10 17:55:35'),
(63, 66, 86, '2018-07-10 17:55:44', '2018-07-10 17:55:44'),
(64, 65, 86, '2018-07-10 17:55:52', '2018-07-10 17:55:52'),
(65, 64, 86, '2018-07-10 17:55:59', '2018-07-10 17:55:59'),
(66, 63, 86, '2018-07-10 17:56:06', '2018-07-10 17:56:06'),
(67, 62, 80, '2018-07-10 17:56:17', '2018-07-10 17:56:17'),
(68, 61, 80, '2018-07-10 17:57:13', '2018-07-10 17:57:13'),
(69, 60, 80, '2018-07-10 17:57:19', '2018-07-10 17:57:19'),
(70, 59, 80, '2018-07-10 17:57:26', '2018-07-10 17:57:26'),
(71, 58, 77, '2018-07-10 17:57:32', '2018-07-10 17:57:32'),
(72, 57, 77, '2018-07-10 17:57:38', '2018-07-10 17:57:38'),
(73, 56, 77, '2018-07-10 17:57:43', '2018-07-10 17:57:43'),
(74, 55, 77, '2018-07-10 17:57:49', '2018-07-10 17:57:49'),
(75, 54, 77, '2018-07-10 17:57:53', '2018-07-10 17:57:53'),
(76, 53, 68, '2018-07-10 17:57:58', '2018-07-10 17:57:58'),
(77, 52, 68, '2018-07-10 17:58:01', '2018-07-10 17:58:01'),
(78, 51, 66, '2018-07-10 17:59:05', '2018-07-10 17:59:05'),
(79, 50, 66, '2018-07-10 17:59:11', '2018-07-10 17:59:11'),
(80, 49, 66, '2018-07-10 17:59:16', '2018-07-10 17:59:16'),
(81, 48, 66, '2018-07-10 17:59:21', '2018-07-10 17:59:21'),
(82, 47, 65, '2018-07-10 17:59:28', '2018-07-10 17:59:28'),
(83, 46, 65, '2018-07-10 17:59:35', '2018-07-10 17:59:35'),
(84, 45, 65, '2018-07-10 17:59:44', '2018-07-10 17:59:44'),
(85, 44, 65, '2018-07-10 17:59:52', '2018-07-10 17:59:52'),
(86, 43, 74, '2018-07-10 18:00:00', '2018-07-10 18:00:00'),
(87, 42, 74, '2018-07-10 18:00:07', '2018-07-10 18:00:07'),
(88, 41, 74, '2018-07-10 18:06:29', '2018-07-10 18:06:29'),
(89, 40, 74, '2018-07-10 18:06:34', '2018-07-10 18:06:34'),
(90, 39, 73, '2018-07-10 18:06:39', '2018-07-10 18:06:39'),
(91, 38, 71, '2018-07-10 18:06:46', '2018-07-10 18:06:46'),
(92, 35, 71, '2018-07-10 18:06:56', '2018-07-10 18:06:56'),
(93, 28, 71, '2018-07-10 18:07:01', '2018-07-10 18:07:01');

-- --------------------------------------------------------

--
-- Cấu trúc bảng cho bảng `tag`
--

CREATE TABLE `tag` (
  `id` int(10) UNSIGNED NOT NULL COMMENT 'ID thẻ tag',
  `name` varchar(50) CHARACTER SET utf8 NOT NULL COMMENT 'tên thẻ tag',
  `created_at` timestamp NULL DEFAULT NULL,
  `updated_at` timestamp NULL DEFAULT NULL
) ENGINE=InnoDB DEFAULT CHARSET=utf8 COLLATE=utf8_unicode_ci;

--
-- Đang đổ dữ liệu cho bảng `tag`
--

INSERT INTO `tag` (`id`, `name`, `created_at`, `updated_at`) VALUES
(65, 'Phim ảnh', '2018-06-29 15:09:42', '2018-06-29 15:09:42'),
(66, 'Phim Châu Á', '2018-06-29 15:09:46', '2018-06-29 15:09:46'),
(67, 'Phim Âu Mỹ', '2018-06-29 15:09:51', '2018-06-29 15:09:51'),
(68, 'Âm nhạc', '2018-06-29 15:09:54', '2018-06-29 15:09:54'),
(69, 'Âm nhạc quốc tế', '2018-06-29 15:09:57', '2018-06-29 15:09:57'),
(70, 'Âm nhạc trong nước', '2018-06-29 15:10:00', '2018-06-29 15:10:00'),
(71, 'Xã hội', '2018-06-29 15:10:03', '2018-06-29 15:10:03'),
(72, 'Pháp luật', '2018-06-29 15:10:10', '2018-06-29 15:10:10'),
(73, 'Nóng trên mạng', '2018-06-29 15:10:13', '2018-06-29 15:10:13'),
(74, 'Kinh doanh', '2018-06-29 15:10:17', '2018-06-29 15:10:17'),
(75, 'Chứng khoán', '2018-06-29 15:10:30', '2018-06-29 15:10:30'),
(76, 'Bất động sản', '2018-06-29 15:10:34', '2018-06-29 15:10:34'),
(77, 'Games', '2018-06-29 15:10:42', '2018-06-29 15:10:42'),
(78, 'Online games', '2018-06-29 15:10:45', '2018-06-29 15:10:45'),
(79, 'PC Games', '2018-06-29 15:10:47', '2018-06-29 15:10:47'),
(80, 'Thời trang', '2018-06-29 15:10:53', '2018-06-29 15:10:53'),
(81, 'Mốt 24h', '2018-06-29 15:11:00', '2018-06-29 15:11:00'),
(82, 'Làm đẹp', '2018-06-29 15:11:04', '2018-06-29 15:11:04'),
(83, 'Bóng đá', '2018-06-29 15:11:11', '2018-07-03 03:41:36'),
(84, 'Thể thao trong nước', '2018-06-29 15:11:15', '2018-06-29 15:11:15'),
(85, 'Thể thao quốc tế', '2018-06-29 15:11:18', '2018-06-29 15:11:18'),
(86, 'Công nghệ', '2018-06-29 15:11:24', '2018-06-29 15:11:24'),
(87, 'Ứng dụng', '2018-06-29 15:11:30', '2018-07-03 03:39:44'),
(88, 'Điện thoại', '2018-07-10 17:35:37', '2018-07-10 17:35:37');

-- --------------------------------------------------------

--
-- Cấu trúc bảng cho bảng `users`
--

CREATE TABLE `users` (
  `id` int(10) UNSIGNED NOT NULL COMMENT 'ID người dùng',
  `name` varchar(50) CHARACTER SET utf8 NOT NULL COMMENT 'Tên người dùng',
  `email` varchar(50) CHARACTER SET utf8 NOT NULL COMMENT 'Địa chỉ email',
  `password` varchar(128) CHARACTER SET utf8 NOT NULL COMMENT 'mật khẩu',
  `gender` int(10) NOT NULL COMMENT 'giới tính',
  `birthday` date NOT NULL COMMENT 'ngày tháng năm sinh',
  `phone` varchar(10) CHARACTER SET utf8 NOT NULL COMMENT 'số điện thoại',
  `role` int(10) NOT NULL COMMENT 'quyền',
  `created_at` timestamp NULL DEFAULT NULL,
  `updated_at` timestamp NULL DEFAULT NULL,
  `remember_token` varchar(100) CHARACTER SET utf8 DEFAULT NULL
) ENGINE=InnoDB DEFAULT CHARSET=utf8 COLLATE=utf8_unicode_ci;

--
-- Đang đổ dữ liệu cho bảng `users`
--

INSERT INTO `users` (`id`, `name`, `email`, `password`, `gender`, `birthday`, `phone`, `role`, `created_at`, `updated_at`, `remember_token`) VALUES
(15, 'Nguyễn Hải Duy', 'haiduy1996@gmail.com', '$2y$10$7JX1A/oU8z/D0vLZ.gFuruzOnJ2yKqPt1ue9PjZLUQrN1Of9umAUK', 1, '1996-12-05', '1234589', 1, '2018-06-16 13:02:11', '2018-07-10 19:58:09', '9SF8ibAzsIvwlXp1Upw44vHluhJgpQj6hhiRAWVTSxYIa9nnVuItP0rfNZI8'),
(17, 'nguyen tuan hung', 'tuanhungnguyen@gmail.com', '$2y$10$S8dWHFfVP3tsdc7eVhgx9ujHKimzuuJMRk6flHCwMTcILoUJ9wTE.', 1, '1996-02-04', '0122456551', 0, '2018-06-16 04:16:44', '2018-05-21 15:24:19', '3e3qiIbVZecVtrEmHoBPjSOV4ogM2wFKX7cQMqk90JdPiXu9fIwKnS83lCRq'),
(22, 'nguyễn thu hằng', 'hangmip96@gmail.com', '$2y$10$FeY5xFUSG.7cWgMigHc2zO4RavQvd8YblkedROJpiXsAwFDv3wnCG', 1, '1995-01-04', '12345122', 0, '2018-06-14 02:09:41', '2018-06-12 12:03:12', 'gbPsO3wQZuB3BKC5uJ3sICr7v5Bu0w76tP4eNnEsztCPwicWBXaFmaRGKRv6'),
(23, 'trần hồng ánh', 'honganhtran@gmail.com', '$2y$10$b88gWqfMlC7sKl9fyJ8psu8qLBfAcrp2lVwN/aYXXvb0nJRDi3F56', 0, '1995-01-04', '412124421', 0, '2018-06-12 13:26:22', '2018-05-31 16:50:31', 'UD6eOpgWHPWR0GMpkQRXSgZjhMHcLN9QP51bJ0a5ev7pTPMwWJlwt8Ng97oF'),
(24, 'Phạm Văn Hiếu', 'phamvanhieu@gmail.com', '$2y$10$TiqwqfkuC7VhjIs5MP3FrOWkUrjWeqL9edGSdLM9zPirkHMpdt8vq', 1, '1996-01-04', '0165647311', 0, '2018-06-14 02:09:32', '2018-06-01 11:57:28', 'u4bPu3ua4kbxHCvnpSlPVUHRb0RsCTrCpc1m1N829C8bviYuXZGA7shOYkl6'),
(25, 'Nguyễn Tấn Dũng', 'nguyentandung@24h.com', '$2y$10$zmSjprbZZSvjPtoqMEic0uBHiMFz5c9MUvPY3OZmy83.wRBWj8ft2', 1, '0001-01-04', '0169696996', 0, '2018-06-15 17:48:11', '2018-06-15 17:48:11', 'A5Q9zMyLKave5ekGcAN2LJ7ptJSdpXY7RhT2wI3LpA9sawPFSKXS5oPGjSZY'),
(26, 'Hoàng Anh', 'hoanganhlee@gmail.com', '$2y$10$Mt6r2w5zlgfej1/lql92puvPe5ywCuc/.eMOgfpLbqr32LTwS1rda', 1, '1997-03-26', '0123456654', 1, '2018-06-16 04:15:02', '2018-07-03 02:05:47', 'OLtVdYJUiHgcQr6gfC2oxZaiaIAeYHJeYh3LurhsYRe6w6Z5AcyYdvHc49gg'),
(27, 'Lê Văn Giang', 'levangiang@gmail.com', '$2y$10$1rLYtSivhI7H0Db/S.NIjuPYb4zNurtVMKteubaB2UY8wdf//VpSe', 1, '1994-03-25', '1234565778', 0, '2018-06-17 08:55:25', '2018-06-17 08:55:25', '7PAtX7dZmqpLNnnfr9GaTH5PLMia2J0BrC5e3MckOsNzAIEKDIDTZ0mPPJBp'),
(28, 'trần anh tú', 'tutrananh@gmail.com', '$2y$10$3Qh7t1nTggSfrr88TK2zze0q3jAuYeKLx4lCXFQMRdNO7sS99iTPS', 1, '1996-01-04', '1234567850', 0, '2018-06-29 14:12:52', '2018-06-29 15:27:49', NULL),
(29, 'Oliver Giroud', 'OliverGiroud@yahoo.com.vn', '$2y$10$3/pXn4G.Xjy8OL5lJ/mPq.1AyCeAXy.U14Vh/9Zvgtx/buZtivyw.', 1, '1992-11-04', '1122335522', 0, '2018-07-10 20:00:57', '2018-07-10 20:00:57', NULL);

--
-- Chỉ mục cho các bảng đã đổ
--

--
-- Chỉ mục cho bảng `categories`
--
ALTER TABLE `categories`
  ADD PRIMARY KEY (`id`),
  ADD KEY `parent_id` (`parent_id`);

--
-- Chỉ mục cho bảng `comments`
--
ALTER TABLE `comments`
  ADD PRIMARY KEY (`id`),
  ADD KEY `post_id` (`post_id`);

--
-- Chỉ mục cho bảng `contacts`
--
ALTER TABLE `contacts`
  ADD PRIMARY KEY (`id`);

--
-- Chỉ mục cho bảng `media`
--
ALTER TABLE `media`
  ADD PRIMARY KEY (`id`);

--
-- Chỉ mục cho bảng `migrations`
--
ALTER TABLE `migrations`
  ADD PRIMARY KEY (`id`);

--
-- Chỉ mục cho bảng `posts`
--
ALTER TABLE `posts`
  ADD PRIMARY KEY (`id`),
  ADD KEY `user_id` (`user_id`),
  ADD KEY `media_id` (`media_id`),
  ADD KEY `categories_id` (`categories_id`),
  ADD KEY `user_id_2` (`user_id`),
  ADD KEY `media_id_2` (`media_id`),
  ADD KEY `user_id_3` (`user_id`);

--
-- Chỉ mục cho bảng `post_rate`
--
ALTER TABLE `post_rate`
  ADD PRIMARY KEY (`id`),
  ADD KEY `post_id` (`post_id`);

--
-- Chỉ mục cho bảng `post_tag`
--
ALTER TABLE `post_tag`
  ADD PRIMARY KEY (`id`),
  ADD KEY `post_id` (`post_id`),
  ADD KEY `tag_id` (`tag_id`);

--
-- Chỉ mục cho bảng `tag`
--
ALTER TABLE `tag`
  ADD PRIMARY KEY (`id`);

--
-- Chỉ mục cho bảng `users`
--
ALTER TABLE `users`
  ADD PRIMARY KEY (`id`);

--
-- AUTO_INCREMENT cho các bảng đã đổ
--

--
-- AUTO_INCREMENT cho bảng `categories`
--
ALTER TABLE `categories`
  MODIFY `id` int(10) UNSIGNED NOT NULL AUTO_INCREMENT COMMENT 'ID danh mục', AUTO_INCREMENT=36;

--
-- AUTO_INCREMENT cho bảng `comments`
--
ALTER TABLE `comments`
  MODIFY `id` int(10) UNSIGNED NOT NULL AUTO_INCREMENT COMMENT 'ID bình luận', AUTO_INCREMENT=11;

--
-- AUTO_INCREMENT cho bảng `contacts`
--
ALTER TABLE `contacts`
  MODIFY `id` int(10) UNSIGNED NOT NULL AUTO_INCREMENT COMMENT 'ID liên hệ', AUTO_INCREMENT=14;

--
-- AUTO_INCREMENT cho bảng `media`
--
ALTER TABLE `media`
  MODIFY `id` int(10) UNSIGNED NOT NULL AUTO_INCREMENT COMMENT 'ID hình ảnh, video', AUTO_INCREMENT=126;

--
-- AUTO_INCREMENT cho bảng `migrations`
--
ALTER TABLE `migrations`
  MODIFY `id` int(10) UNSIGNED NOT NULL AUTO_INCREMENT;

--
-- AUTO_INCREMENT cho bảng `posts`
--
ALTER TABLE `posts`
  MODIFY `id` int(10) UNSIGNED NOT NULL AUTO_INCREMENT COMMENT 'ID bài viết', AUTO_INCREMENT=129;

--
-- AUTO_INCREMENT cho bảng `post_rate`
--
ALTER TABLE `post_rate`
  MODIFY `id` int(10) UNSIGNED NOT NULL AUTO_INCREMENT, AUTO_INCREMENT=14;

--
-- AUTO_INCREMENT cho bảng `post_tag`
--
ALTER TABLE `post_tag`
  MODIFY `id` int(10) UNSIGNED NOT NULL AUTO_INCREMENT COMMENT 'ID bản ghi', AUTO_INCREMENT=94;

--
-- AUTO_INCREMENT cho bảng `tag`
--
ALTER TABLE `tag`
  MODIFY `id` int(10) UNSIGNED NOT NULL AUTO_INCREMENT COMMENT 'ID thẻ tag', AUTO_INCREMENT=89;

--
-- AUTO_INCREMENT cho bảng `users`
--
ALTER TABLE `users`
  MODIFY `id` int(10) UNSIGNED NOT NULL AUTO_INCREMENT COMMENT 'ID người dùng', AUTO_INCREMENT=30;

--
-- Các ràng buộc cho các bảng đã đổ
--

--
-- Các ràng buộc cho bảng `posts`
--
ALTER TABLE `posts`
  ADD CONSTRAINT `posts_ibfk_1` FOREIGN KEY (`user_id`) REFERENCES `users` (`id`) ON DELETE CASCADE ON UPDATE CASCADE,
  ADD CONSTRAINT `posts_ibfk_2` FOREIGN KEY (`media_id`) REFERENCES `media` (`id`) ON DELETE CASCADE ON UPDATE CASCADE,
  ADD CONSTRAINT `posts_ibfk_3` FOREIGN KEY (`categories_id`) REFERENCES `categories` (`id`) ON DELETE CASCADE ON UPDATE CASCADE;

--
-- Các ràng buộc cho bảng `post_rate`
--
ALTER TABLE `post_rate`
  ADD CONSTRAINT `post_rate_ibfk_1` FOREIGN KEY (`post_id`) REFERENCES `posts` (`id`) ON DELETE CASCADE ON UPDATE CASCADE;

--
-- Các ràng buộc cho bảng `post_tag`
--
ALTER TABLE `post_tag`
  ADD CONSTRAINT `post_tag_ibfk_1` FOREIGN KEY (`post_id`) REFERENCES `posts` (`id`) ON DELETE CASCADE ON UPDATE CASCADE,
  ADD CONSTRAINT `post_tag_ibfk_2` FOREIGN KEY (`tag_id`) REFERENCES `tag` (`id`) ON DELETE CASCADE ON UPDATE CASCADE;
COMMIT;

/*!40101 SET CHARACTER_SET_CLIENT=@OLD_CHARACTER_SET_CLIENT */;
/*!40101 SET CHARACTER_SET_RESULTS=@OLD_CHARACTER_SET_RESULTS */;
/*!40101 SET COLLATION_CONNECTION=@OLD_COLLATION_CONNECTION */;
